id,domain,status,purchase_price,renewal_price,attractiveness,demand,length,registrar,created_at,expires_at,status_verified_at
97b3417e-b195-4a0c-8770-8f525cc7e45a,spanking.us,resell,,,high,low,8,"Spaceship, Inc.",12/12/2019 00:02,12/12/2026 00:02,26/09/2026 09:11
17e8fca0-9e86-4adc-bbe9-1f399c2301ff,sku.us,resell,,,high,high,3,"GoDaddy.com, LLC",13/05/2002 02:20,12/05/2027 23:59,26/09/2026 09:04
433a46d3-c672-4143-bc4e-5651d5d70307,gqeberha.us,available,,,high,high,8,,,,
011ea14f-138a-4b9a-bc36-00b8057cb2b9,enjoyment.us,resell,,,high,high,9,Dynadot Inc,19/04/2024 06:34,19/04/2027 06:34,26/09/2026 05:51
058a84d6-d50b-415f-a495-9bee131573c4,jobbing.us,resell,,,high,high,7,"Spaceship, Inc.",01/04/2026 11:14,01/04/2027 11:14,26/09/2026 07:00
a305a9d7-bd4b-4b14-a0bd-51ab24e1194b,emu.us,resell,,,high,high,3,"GoDaddy.com, LLC",07/07/2010 18:01,06/07/2027 23:59,26/09/2026 05:49
1c1224b6-2ec6-4afc-abf6-9294c9e0816f,outgoing.us,resell,,,high,low,8,Porkbun,30/04/2002 01:23,29/04/2027 23:59,26/09/2026 07:57
a34f984b-d277-488f-8780-c3ed93c446c6,consistory.us,available,,,high,high,10,,,,
4c99fdb2-e005-436b-afe4-7271929e6380,solubilization.us,available,,,medium,low,14,,,,
71a5e192-036a-4e5d-bdb6-3dcfb76a51f0,grappenhall.us,available,,,high,high,11,,,,
4e8ee129-577c-4186-89e8-d972b0f6debc,prokaryota.us,available,,,medium,low,10,,,,
f9d22c54-3770-43ac-a6cd-e1905a59f72b,ely.us,resell,,,high,low,3,"GoDaddy.com, LLC",20/05/2011 18:01,19/05/2027 23:59,26/09/2026 05:48
5b4215cb-58b2-45c6-8fad-ed0fd680b77d,mastodons.us,available,,,medium,low,9,,,,
756e5f4a-d81b-4cfe-b8ed-a135948eacb1,panellist.us,available,,,high,high,9,,,,
f4cae2b5-59ff-4952-beae-37428dcedc8a,ossicular.us,available,5.98,10.98,medium,low,9,namecheap,,,04/09/2026 18:22
770a5822-ccbb-4a9a-9704-7c7e05ed2ca2,delimited.us,available,5.49,7.99,medium,low,9,namesilo,,,10/08/2026 21:54
92fe147a-d088-4bb5-8ecd-bad70b5afe0c,soup.us,resell,,,high,low,4,"GoDaddy.com, LLC",24/04/2002 14:15,23/04/2027 23:59,26/09/2026 09:10
9103e004-5587-4c5f-973b-7d7de9da1811,monarchal.us,available,5.49,7.99,high,low,9,namesilo,,,25/08/2026 04:07
1b47b533-d9da-405a-b9b5-a0854ea9f302,dam.us,resell,,,high,high,3,"GoDaddy.com, LLC",24/04/2002 14:08,23/04/2027 23:59,26/09/2026 05:24
5e8e9084-4fd7-48ef-878f-ad36cdee90ce,alopex.us,resell,,,medium,low,6,Dominet (HK) Limited,28/04/2026 10:41,28/04/2027 10:41,26/09/2026 03:48
ce360eab-22c1-4d27-9245-c00c34a61ac0,aciduria.us,available,,,high,high,8,,,,
6664ba0b-9414-4b78-8ba0-4fb41a6213fe,wonderchild.us,available,,,high,high,11,,,,
077e1f62-a0b0-4625-96ba-b75aaa010714,conceive.us,resell,,,high,high,8,"GoDaddy.com, LLC",24/04/2002 15:17,23/04/2028 23:59,26/09/2026 05:10
a4cf1974-1204-4618-955b-38232ee00f62,emerging.us,resell,,,high,low,8,Dynadot Inc,18/01/2020 09:13,18/01/2028 09:13,26/09/2026 05:48
ae23eabb-856e-4d3f-a667-e9f980c3abfd,charts.us,resell,,,high,low,6,"GoDaddy.com, LLC",24/04/2002 14:11,23/04/2027 23:59,26/09/2026 04:52
1d2a95dd-e040-450e-80cd-fc2883fac2c7,invulnerable.us,available,,,high,low,12,,,,
0f204c9e-d9f6-4a6e-851e-679e7a459417,interpreters.us,resell,,,high,medium,12,"GoDaddy.com, LLC",17/08/2018 00:07,17/08/2027 00:07,26/09/2026 06:55
95aa508c-81b7-46a4-97b4-566604a8d3af,regenerations.us,available,,,medium,low,13,,,,
e7c66fb0-b1a6-4a76-9f1c-572b9976e1c1,stretcher.us,available,,,high,high,9,,,,
9008e032-d94d-4ac1-a2d3-4bd4024b87de,reevaluate.us,available,,,high,high,10,,,,
b1991f98-d9ef-410d-921e-104319b346e3,midaslike.us,available,,,medium,low,10,,,,
51e39fc5-fa99-463f-9ab1-ec26e81d8725,europeanize.us,available,,,high,high,11,,,,
9dab283e-ff4a-4ad1-98a8-3b95c0841c6c,dragomen.us,available,,,medium,low,8,,,,
3d2a6aea-ec64-4263-8cd3-03085fdbe328,complex.us,resell,,,high,low,7,"GoDaddy.com, LLC",24/04/2002 15:09,23/04/2027 23:59,26/09/2026 05:09
1463d505-cb24-4c43-9cb8-849e55679719,almaata.us,available,5.98,10.98,medium,low,8,namecheap,,,18/09/2026 12:23
4be5c660-fc1d-47af-8329-0f5e240f274b,punjab.us,resell,,,high,low,6,"GoDaddy.com, LLC",14/12/2011 18:05,13/12/2026 23:59,27/09/2026 05:06
77115201-8953-4c69-9ead-1b30510f0972,prompt.us,resell,,,high,medium,6,"NameCheap, Inc.",28/06/2005 17:10,27/06/2027 23:59,27/09/2026 07:29
515fde40-b21d-4a6c-81cd-6931d98b22b0,danger.us,resell,,,high,low,6,Dynadot Inc,11/06/2024 00:00,11/06/2027 00:00,26/09/2026 05:25
312570dc-a1b1-4b37-b8c2-301e17927358,bedfellow.us,available,5.49,7.99,high,low,9,namesilo,,,22/09/2026 23:14
1daa59d4-49eb-4b40-9bcb-e06345afef94,apprize.us,available,,,high,high,7,,,,
dcee4597-c7f7-4b2a-8f99-0500d29bb68e,sharp.us,resell,,,high,low,5,Dynadot Inc,24/04/2002 14:27,23/04/2027 23:59,26/09/2026 08:58
65a114ad-2643-4438-9d73-4a7842de878e,salacity.us,available,5.49,7.99,medium,low,8,namesilo,,,22/09/2026 16:54
11be0b07-4892-4e83-bc5e-a437a92c8341,housman.us,available,5.49,7.99,medium,low,7,namesilo,,,16/09/2026 12:57
c0092936-12a2-484b-a654-21715d1c4ab9,tablemaid.us,available,,,high,high,9,,,,
0999c2da-e6ae-41f6-a8db-45fadccb4152,reversing.us,available,,,high,high,9,,,,
9efef3b4-5c2d-40ef-bc0d-27afa1234908,watered.us,available,5.49,7.99,high,low,7,namesilo,,,25/08/2026 03:28
ffbd4e8e-13e4-414f-ad84-72d2ce10f5ab,annwn.us,available,5.49,7.99,medium,low,5,namesilo,,,19/09/2026 11:09
18bb3452-bf79-4353-8b30-95aadf1bf1d0,hannah.us,resell,,,high,low,6,"GoDaddy.com, LLC",24/04/2002 14:14,23/04/2027 23:59,26/09/2026 06:34
0580fd8f-34df-4456-8383-d9bd1ac650cb,verdure.us,resell,,,high,high,7,"Spaceship, Inc.",01/04/2026 11:06,01/04/2027 11:06,26/09/2026 09:58
69fd4dbd-9a57-4eae-8c34-d274e80f930d,labored.us,available,5.49,7.99,high,low,7,namesilo,,,22/08/2026 17:34
9b8c3904-16a5-4827-893d-ccaa92a8a5ca,barstow.us,resell,,,high,low,7,"Global Domains International, Inc. DBA DomainCostClub.com",24/04/2002 14:52,23/04/2028 23:59,26/09/2026 04:17
164aabfa-f11e-4f14-afbe-651aa754fa49,convectional.us,available,,,high,low,12,,,,
16a64709-8a1b-4a9b-97d6-8672ed12dca7,douce.us,resell,,,high,high,5,Dominet (HK) Limited,27/04/2026 13:09,27/04/2027 13:09,26/09/2026 05:40
1567489b-3c06-43bd-abfd-b6b9d330b190,telescopic.us,resell,,,high,low,10,"Spaceship, Inc.",02/04/2026 19:50,02/04/2027 19:50,26/09/2026 09:33
43b0cdf2-612f-4587-af0d-0c4a4092a85b,glassey.us,available,,,high,high,7,,,,
d1fa7e76-8d70-4868-b2e0-2784b3357f2a,nigh.us,resell,,,high,low,4,"GoDaddy.com, LLC",25/07/2015 05:32,24/07/2027 23:59,26/09/2026 07:47
2a2d36c2-98ba-4a39-9018-60c4ce267e02,retroflex.us,available,5.49,7.99,medium,low,9,namesilo,,,11/08/2026 12:37
02043afc-df3c-464a-802d-6cb26c0b8b4b,annotated.us,available,5.49,7.99,high,low,9,namesilo,,,
842b8416-a1b1-4fd3-93ee-f3d3f54e1e62,dueller.us,available,,,high,high,7,,,,
caed754b-4d5f-405f-96b4-59617a767cf1,propitious.us,available,5.49,7.99,high,low,10,namesilo,,,09/09/2026 03:38
aa451d71-4879-41bf-bca6-cc480a753912,railed.us,available,,,high,low,6,,,,
800913be-06c5-444e-9249-dbdf0ddafbaf,sul.us,resell,,,high,low,3,,,,27/09/2026 10:19
29a54765-f05c-4a50-974a-5d4d168ea8ce,lifelessly.us,available,7.99,18.99,medium,low,10,name.com,,,13/08/2026 19:35
e8fca068-1c3f-4ba4-9607-61d6016ce7c5,pertaining.us,available,,,high,high,10,,,,
498e7a26-b6cd-42d4-b810-78ea22b23149,romansch.us,available,5.49,7.99,high,high,8,namesilo,,,25/09/2026 13:38
4ab24153-142f-4a00-8a4d-ad9f7fac67f1,cork.us,resell,,,high,high,4,"GoDaddy.com, LLC",24/04/2002 19:54,23/04/2027 23:59,26/09/2026 05:16
a573e792-9622-4346-a35c-dc5a07b15a12,small.us,resell,,,high,low,5,"GoDaddy.com, LLC",09/07/2010 18:07,08/07/2027 23:59,26/09/2026 09:05
1ab6ccd1-5272-4807-bcce-6c1627c45107,sunburnt.us,available,5.49,7.99,high,low,8,namesilo,,,11/09/2026 01:48
f527a71b-68a3-4fda-99dd-90878dd52154,faxed.us,available,,,high,high,5,,,,
5bff03a7-f7f3-4e91-a699-a3b77bdd2a94,aspire.us,resell,,,high,high,6,"GoDaddy.com, LLC",24/04/2002 19:59,23/04/2027 23:59,26/09/2026 04:04
c9c76c80-2e78-4a9c-88f9-3bea2b1493c1,sciomancy.us,available,,,high,low,9,,,,
2bb4dafb-7d9a-4b52-a379-82361bd31d01,houselike.us,available,,,high,high,9,,,,
49cd5c68-4f84-41f3-9ed7-47d19893268b,motorism.us,available,,,high,low,8,,,,
2d6e4fb7-33af-4cc2-94ee-8ea4ad9640ba,ionise.us,available,,,high,high,6,,,,
c5e500ef-9b8e-4eef-9934-4a7eed625144,moonlit.us,resell,,,high,low,7,"Spaceship, Inc.",17/07/2022 00:01,17/07/2027 00:01,26/09/2026 07:38
bc1acbf4-8271-464b-a756-2844ff014a17,unstarred.us,available,5.49,7.99,medium,low,9,namesilo,,,12/09/2026 01:15
113795b6-107b-472b-8740-229099cbf301,stabilisation.us,available,,,high,low,13,,,,
365053c4-81c6-459b-9113-656c1509b0e8,carageen.us,available,,,high,high,8,,,,
aa9831a2-d975-4ed6-bcd5-6a1210e72dd9,resinous.us,available,5.49,7.99,high,low,8,namesilo,,,09/09/2026 15:13
a3fc030e-8505-40b5-b931-6f2f566862ca,beatmatch.us,available,,,high,high,9,,,,
36c601c2-ae7e-4cf0-bff7-9273efad8e89,citybus.us,resell,,,high,medium,7,"Spaceship, Inc.",01/04/2026 10:28,01/04/2027 10:28,26/09/2026 04:57
d7bda713-fece-47b4-897a-0dae97e357a9,livable.us,resell,,,high,low,7,Dynadot Inc,17/09/2021 00:00,17/09/2027 00:00,26/09/2026 07:16
29d99652-5d7a-4039-83c5-f3b3a2730b8b,snowbelt.us,available,,,high,high,8,,,,
cda4af88-d80d-4325-927d-d9f505fbdc59,sabermetrics.us,available,,,high,low,12,,,,
99a54eb0-7c8d-44d6-9284-b20da804e78b,sporklike.us,available,,,high,high,9,,,,
d3a985b4-800d-4088-a996-5d2694969577,scrubby.us,resell,,,high,low,7,Dominet (HK) Limited,29/04/2026 04:23,29/04/2027 04:23,26/09/2026 08:52
e58ed541-9f52-40e7-a59a-57f3715acd09,gadoid.us,available,,,high,high,6,,,,
1168e7ed-b3af-48c8-a711-f1025c37b976,pinioned.us,available,5.49,7.99,high,medium,8,namesilo,,,08/09/2026 19:45
38a834e3-a255-4c6c-a550-577e4f09ffcc,sufficient.us,resell,,,high,low,10,Dynadot Inc,20/04/2025 06:04,20/04/2027 06:04,26/09/2026 09:23
d7252693-6f52-41ef-ad7b-e6a68ea00d1b,explantation.us,available,,,high,low,12,,,,
ce76d885-c4d8-4d54-9a34-6c0b122ac097,penmaking.us,available,,,high,low,9,,,,
08deeade-f3f2-4263-a802-ad9131704907,fositesland.us,available,,,high,high,11,,,,
76292bbf-e180-4e62-820d-ec2b32ed574f,beltful.us,available,,,high,high,7,,,,
2a873d46-4244-46ca-8582-8ed02a0c2674,alms.us,resell,,,high,low,4,"GoDaddy.com, LLC",11/12/2015 22:43,10/12/2027 23:59,26/09/2026 03:48
5a0b7713-0fc4-4070-94be-e1a25c74dd6c,pitched.us,resell,,,high,medium,7,Dominet (HK) Limited,28/04/2026 01:50,28/04/2027 01:50,26/09/2026 08:10
4aecce28-4100-4cb1-ba02-a75d095ff46d,aromatize.us,available,,,high,high,9,,,,
f44dc526-2de3-4be8-8fc5-aea16e6761f3,warthogs.us,available,,,medium,low,8,,,,
ad4e9420-86e8-4a24-93c1-d09940d15238,harmonised.us,available,5.49,7.99,high,low,10,namesilo,,,12/08/2026 22:52
af4acb94-f5e5-41f7-9442-1c7d3141bcc9,hectically.us,available,5.98,10.98,medium,low,10,namecheap,,,14/09/2026 20:02
14c9c9be-de55-4d29-9ff5-73d7bccf288d,aedes.us,resell,,,high,low,5,"Spaceship, Inc.",01/04/2026 10:42,01/04/2027 10:42,26/09/2026 01:24
60ae3a07-c452-4c06-98d1-27732fdc4d8e,prudes.us,available,,,medium,low,6,,,,
a09da80e-f32e-4bc5-aef4-2374a5ae39b7,selfidentify.us,available,,,high,high,13,,,,
af2d0a7a-e5f3-4833-8825-2a7d0373c46e,realer.us,available,,,high,high,6,,,,
a8615989-66ed-4ab5-ad1e-e46f7adc72f5,peculiarity.us,available,,,high,high,11,,,,
f7a4d3f0-c6e0-429d-8172-7f9551e8a6f6,histamine.us,available,,,high,high,9,,,,
6e6aa91b-5e98-4090-abed-cffcfe988886,batna.us,resell,,,medium,low,5,"Spaceship, Inc.",01/04/2026 15:48,01/04/2027 15:48,26/09/2026 04:17
0e65065f-ca99-44ed-8254-424bf3523fa4,steep.us,resell,,,high,low,5,Dynadot Inc,19/03/2023 09:17,19/03/2027 09:17,26/09/2026 09:17
1baf8bd3-053f-4d7a-8a74-e46b96e85586,almoner.us,available,5.98,10.98,high,low,7,namecheap,,,18/09/2026 12:40
395f0890-1dd8-4dc3-8606-d3844be15633,humify.us,available,,,high,high,6,,,,
7ffb29dc-bd92-48fd-9bdb-83e4244d8ebd,highlighters.us,available,,,medium,low,12,,,,
177a7efe-7e92-4b97-93fd-f8eedcc70207,ears.us,resell,,,high,low,4,"GoDaddy.com, LLC",03/06/2004 01:11,02/06/2027 23:59,26/09/2026 05:44
4de6edf2-8980-48d1-b2cd-102416c6660d,idiomatic.us,resell,,,high,low,9,"Spaceship, Inc.",01/04/2026 07:45,01/04/2027 07:45,26/09/2026 06:47
8c5438a4-a04e-4f85-beb7-96c05996c90e,clintonista.us,available,,,high,high,11,,,,
580d565f-3be0-4b19-96ab-9bce27ad1ddf,spender.us,resell,,,high,low,7,Dynadot Inc,16/08/2021 00:00,16/08/2027 00:00,26/09/2026 09:12
f3843dbb-865c-4031-95d7-c352fcb6a003,reaffirmed.us,available,,,high,low,10,,,,
0f6fe2cc-408d-45c2-9e34-8c18adbf8a16,persuasiveness.us,available,,,high,high,14,,,,
250e1d8e-5cd0-4d24-ba9d-fe7bd8dcac7c,reforming.us,available,,,high,high,9,,,,
64509b53-91ac-4ed2-906b-88c3345dacbe,dithionite.us,available,,,high,high,10,,,,
bf8cee9f-5c63-4bb7-8d8a-4b80faaf262d,kitbags.us,available,,,medium,low,7,,,,
baf6fc3c-07ca-4a57-9f43-8e39de902e7f,blending.us,resell,,,high,low,8,"GoDaddy.com, LLC",05/11/2011 18:03,04/11/2027 23:59,26/09/2026 04:29
59842cde-55ce-40e4-a5b4-6a6137889632,fortitude.us,resell,,,high,high,9,"GoDaddy.com, LLC",13/10/2017 19:07,13/10/2027 19:07,26/09/2026 06:12
742e6bca-237f-4a73-a589-af9ad5f8d196,microexpression.us,available,,,high,high,15,,,,
17f82bbd-1a56-4f4a-8773-eb7f4c779601,unpassable.us,available,5.49,7.99,medium,low,10,namesilo,,,21/08/2026 21:49
457c7c75-aa01-4691-9374-e9d3b83902a5,odometre.us,available,,,high,high,8,,,,
a3c1c75b-2345-446d-8625-a6677c626eb7,many.us,resell,,,high,low,4,"GoDaddy.com, LLC",24/04/2002 15:57,23/04/2030 23:59,26/09/2026 07:25
b62294d0-f439-489b-be80-6e5e8142179c,platelet.us,available,,,high,high,8,,,,
bef96aed-1758-44e3-ba77-1472dd5be91e,funemployment.us,available,,,high,high,13,,,,
1b13cc69-2124-4e7a-83b1-19cb09e123df,killed.us,resell,7.99,,medium,low,6,Dominet (HK) Limited,29/04/2026 04:48,29/04/2027 04:48,26/09/2026 07:05
5469e4af-b9ec-43d4-b873-b580fc417b03,evans.us,resell,,,high,low,5,"Network Solutions, LLC",24/04/2002 14:04,23/04/2036 23:59,26/09/2026 05:54
a5f8cc5a-c32c-42fb-b2e6-785c97d73684,newtonian.us,available,5.49,7.99,high,low,9,namesilo,,,25/09/2026 12:22
a48c1728-0cd0-4e92-8616-4b9b0c3f202e,allaying.us,available,,,high,high,8,,,,
54cae8bb-36ef-453d-b7e9-4e1b5808c872,entp.us,resell,,,high,high,4,"Spaceship, Inc.",06/06/2026 17:28,06/06/2027 17:28,26/09/2026 05:52
54ff615a-06ab-49cf-bd48-ac7efc3b3c60,chocks.us,available,,,medium,low,6,,,,
d139b398-3fd1-43e4-9e25-e646cd2ab5d2,admittance.us,available,5.98,10.98,high,low,10,namecheap,,,16/09/2026 22:13
06c458e2-97ba-4159-9b2b-d4b4b57e1393,expatriations.us,available,,,low,low,13,,,,
7f3921ff-3ef3-44ea-865f-0b4ed189dbb7,pecuniary.us,available,5.49,7.99,high,low,9,namesilo,,,25/08/2026 04:35
56674c75-7b41-4a6d-b12f-593a5dfbcd1b,cyberactivism.us,available,,,high,low,13,,,,
974fcc53-d4c9-4eaf-85ad-e96627d4fbf4,shopoholic.us,available,,,high,high,10,,,,
fb1b424f-314d-4fcd-8c7d-7f060a2422cb,presenting.us,resell,,,high,low,10,Dominet (HK) Limited,27/04/2026 23:01,27/04/2027 23:01,26/09/2026 08:18
badc80fd-3cc0-412f-92c2-2a96fbf88867,viciously.us,available,5.49,7.99,medium,low,9,namesilo,,,14/09/2026 01:35
c74a055b-c970-4598-b5b6-8f0d9b0fecb2,stepson.us,available,7.99,,high,low,7,name.com,,,
4ce33bcd-0be4-4cbb-84d5-5c9c4b8064e2,carports.us,resell,,,medium,low,8,"Name.com, Inc.",04/08/2009 18:01,03/08/2028 23:59,26/09/2026 04:47
002654fd-1d61-4aee-bc99-ab08b6d67acb,mockery.us,available,5.49,7.99,high,low,7,namesilo,,,22/08/2026 12:39
4819e78b-6bdc-4afc-8253-942aac6070e1,readjusted.us,available,,,medium,low,10,,,,
39f25121-dbd1-43f6-b293-7549a4e1c306,outfielder.us,available,,,high,high,10,,,,
7a36df5f-7231-477f-8ade-b80a94007979,pagefile.us,available,,,high,high,9,,,,
62b2c9e9-cb8c-4a07-83d9-761ab59078d3,erotism.us,available,5.49,7.99,high,low,7,namesilo,,,18/09/2026 16:15
d87893da-8545-4793-8c8f-2f9ffefe135f,fogey.us,available,5.49,7.99,medium,low,5,namesilo,,,18/08/2026 13:10
76c3b0fb-1dbf-4b52-b321-4eec8a6df846,lactifuge.us,available,,,high,high,9,,,,
0d6516da-760b-4ed1-aa70-858ee746a1e2,factious.us,available,5.49,7.99,medium,low,8,namesilo,,,14/08/2026 12:34
36529198-0ca7-43b4-8fd4-7636a6ad499c,crabshell.us,available,,,medium,low,10,,,,
8e036331-5e97-4448-a2cc-0e967ca7c294,baseline.us,resell,,,high,low,8,"GoDaddy.com, LLC",11/04/2019 00:01,11/04/2027 00:01,26/09/2026 04:17
5c0a10b6-cb69-4c69-ab33-14407187fe84,nsmbu.us,available,,,high,high,5,,,,
343f356f-95f9-478d-8bc2-b349e87c3fb6,courageousness.us,available,,,high,low,14,,,,
4edbbd01-6bf7-4848-8fa7-dcbeba85a2c1,prevents.us,resell,,,high,low,8,Dominet (HK) Limited,27/04/2026 09:38,27/04/2027 09:38,26/09/2026 08:19
0327addc-47df-4eec-b9ba-dc78bfa2f0a2,tko.us,resell,,,high,high,3,"GoDaddy.com, LLC",09/07/2012 18:09,08/07/2027 23:59,26/09/2026 09:39
63de8ba5-818b-4d5f-81e5-fef634f78dc2,annelidan.us,available,5.49,7.99,medium,low,9,namesilo,,,
1804b63c-5c72-434a-a627-12f8569367d6,ahoy.us,resell,,,high,high,4,"GoDaddy.com, LLC",01/12/2019 00:23,01/12/2027 00:23,26/09/2026 01:27
5032b640-b1f9-462a-9bd7-182168058104,technomedicine.us,available,,,high,high,14,,,,
5d7914d2-c5cb-45c1-9727-421bb322e39a,multiarc.us,available,,,high,high,8,,,,
ad49eabd-bc8f-4d36-909c-78aa746ab1a1,excelled.us,available,,,high,low,8,,,,
030504cc-71ce-4830-893a-26e55218848e,barkeeper.us,resell,,,high,low,10,"Spaceship, Inc.",01/04/2026 08:34,01/04/2027 08:34,26/09/2026 04:16
8742ea5d-c44e-4755-b1e3-e93b66b417a1,overexcited.us,available,,,high,high,11,,,,
e974aefb-abb9-4f6b-8193-be7028e3e85d,gusts.us,available,5.98,10.98,medium,low,5,namecheap,,,20/09/2026 20:54
cf9db2cf-fc95-43ce-81ce-aa8040ece981,matola.us,available,,,high,high,6,,,,
fd416895-ae4a-4769-8f58-71b70ca58b02,adaptation.us,resell,,,high,low,10,"Sav.com, LLC - 1",07/09/2026 00:00,07/09/2027 00:00,26/09/2026 01:22
7a4ff0f0-ce0b-4465-823f-fc5876f9843d,spastic.us,available,5.49,7.99,high,low,7,namesilo,,,13/08/2026 00:06
7c487174-2082-45b5-9c4c-74221b78cb32,viziers.us,available,,,high,low,7,,,,
47bd6848-f400-4711-a294-6c6f76410484,soulboy.us,available,,,high,high,7,,,,
72c4995b-e2b5-454e-9242-132b26b964b2,worshipped.us,available,,,high,medium,10,,,,
77c4799a-127c-43b7-9135-86da3f2b83fa,allen.us,resell,,,high,low,5,"Global Domains International, Inc. DBA DomainCostClub.com",24/04/2002 14:05,23/04/2028 23:59,26/09/2026 03:48
a4b7e7e7-a02a-4663-8b87-8d7126adbdab,tighthead.us,available,,,high,high,10,,,,
8b4cf74e-8fe7-4292-a19a-5e325c77c58c,idevice.us,resell,,,high,high,7,"Spaceship, Inc.",01/04/2026 13:09,01/04/2027 13:09,26/09/2026 06:47
f91561ba-9507-4826-bd08-c4f08e98f54f,shelford.us,available,,,high,high,8,,,,
3c441662-6916-43c6-ba4c-bb77491453b9,scoffing.us,available,5.49,7.99,high,low,8,namesilo,,,22/08/2026 12:43
2b190071-dd84-4e99-bfe0-6317110d310d,insular.us,resell,,,high,low,7,"Spaceship, Inc.",02/04/2026 18:52,02/04/2027 18:52,26/09/2026 06:54
da0b023c-008f-4641-ae00-935c670d565c,bedelship.us,available,,,high,low,9,,,,
3d446c5c-f5b8-4521-ad72-79d05fbf046e,valets.us,available,,,high,low,6,,,,
82a19a0b-c476-4e5d-802b-f5b02d9cf95a,crochet.us,resell,,,high,low,7,Dynadot Inc,24/04/2002 14:57,23/04/2027 23:59,26/09/2026 05:20
e16ba734-2b93-4896-a098-8818a61b4124,tunnel.us,resell,,,high,low,6,GoDaddy Online Services Cayman Islands Ltd.,03/07/2005 17:13,02/07/2027 23:59,26/09/2026 09:48
52e28d8c-7823-4095-8f13-92786485bead,alkeran.us,available,5.49,7.99,high,low,7,namesilo,,,18/09/2026 08:31
23aad5cd-f228-4923-9189-7da995e3470d,caipirinha.us,resell,,,high,high,10,Dominet (HK) Limited,27/04/2026 23:37,27/04/2027 23:37,26/09/2026 04:42
702639e8-616f-4c29-b57e-3caabad774b4,lacewood.us,available,,,high,high,8,,,,
ba69969a-92c5-4a96-b2b5-4a2bf67c7618,interplaying.us,available,,,high,high,12,,,,
c4f09b72-0fef-43cd-8023-4d3124f8b23e,elizabethville.us,available,,,high,high,14,,,,
97714b3d-0dec-46a0-99d1-8b85572ecea1,accustomedly.us,available,,,high,high,12,,,,
45fc23b9-ef87-44a7-9842-76d50c9e8aff,fashionwise.us,available,,,high,low,11,,,,
f4812206-26c5-40ef-9aae-ff1959d3be26,chambray.us,available,,,high,high,8,,,,
fd54e2d7-c81d-4465-b11a-76d4e8afab13,trenchant.us,available,5.49,7.99,high,low,9,namesilo,,,12/08/2026 10:33
2238c238-3239-4e5a-9bc2-0575bfefca78,leannah.us,available,,,high,high,7,,,,
7fdd82fc-ee5c-4b3d-8a5a-f30aafd3b827,artificership.us,available,,,medium,low,13,,,,
7d6e9302-c687-4697-ac25-696324120a4d,staggering.us,available,5.98,10.98,high,low,10,namecheap,,,10/09/2026 18:08
4bd15e03-c64e-48ca-9cec-7f33227ad1db,monotile.us,available,,,high,high,8,,,,
e7527e27-9cdf-4241-9794-ae45cd5ecf39,generalise.us,available,,,high,high,10,,,,
bc8ea65e-a5b8-4629-b777-ddb560198cfd,pioneer.us,resell,,,high,high,7,"NameCheap, Inc.",10/07/2010 18:03,09/07/2027 23:59,26/09/2026 08:10
45e7cc43-295f-4e0e-9efc-92a539c6ed5b,unraveling.us,available,,,high,low,10,,,,
06ce5051-153b-4996-b7d5-9cb16aa70347,darleen.us,available,,,high,high,7,,,,
e60f316e-ed59-4466-89bd-7cfb4eb3f13b,teasing.us,resell,,,high,low,7,Dominet (HK) Limited,27/04/2026 09:31,27/04/2027 09:31,26/09/2026 09:32
a79e28c0-b393-47a4-87b9-c2ab73ee0293,complect.us,available,,,high,high,8,,,,
8711a897-4ad9-4f51-8da0-96e28e95ddc3,frogger.us,resell,,,high,high,7,Dominet (HK) Limited,27/04/2026 18:06,27/04/2027 18:06,26/09/2026 06:16
ad8da04a-4b65-4431-b081-0b29e915cbd3,kermesite.us,available,,,high,low,9,,,,
80e74169-dc40-4904-a08e-6fbfbe368235,vitally.us,resell,,,high,low,7,Dominet (HK) Limited,27/04/2026 15:34,27/04/2027 15:34,26/09/2026 10:01
df5e881e-3bbf-4815-8ff7-ba4fdb6f821b,crustie.us,available,,,high,high,7,,,,
794b9c66-fb66-4605-8590-c6faf15b57c9,talks.us,resell,,,high,low,5,"Spaceship, Inc.",15/08/2024 00:00,15/08/2027 00:00,26/09/2026 09:30
fd7033d7-2f8f-4b58-9f8a-d63c7a4cd83e,alarmed.us,available,5.49,7.99,high,low,7,namesilo,,,
76ad3148-d68a-4bf2-b5ab-6adb56d7f44b,snowmaking.us,available,,,high,low,10,,,,
94399659-43c6-4f84-8cf7-63524a4c862c,vogueing.us,available,,,high,high,8,,,,
73ff1874-33bc-4db9-8c88-bfb05fbadefd,unpressed.us,available,5.49,7.99,medium,low,9,namesilo,,,12/09/2026 17:24
0cb0eaa9-89ab-4824-bee7-751ae8e815ba,soonest.us,available,5.49,7.99,medium,low,7,namesilo,,,14/08/2026 22:25
a606a59a-6439-432a-9d85-8e4adad25cf0,landfilling.us,available,,,medium,low,11,,,,
231c6905-0871-44e2-944c-243e0c0f2ceb,filter.us,resell,,,high,low,6,"NameSilo, LLC",22/08/2020 00:04,22/08/2027 00:04,26/09/2026 06:04
0711951b-b051-4e40-8c17-e0975942d12d,acned.us,available,5.49,7.99,medium,low,5,namesilo,,,
4298f18d-e05d-4abe-b7ea-6c092fed1c35,fontanelle.us,available,,,high,high,10,,,,
c9b3b5a7-1665-4b55-af2b-25efdc87b9f9,rephrase.us,resell,,,high,high,8,"Spaceship, Inc.",01/04/2026 09:05,01/04/2027 09:05,26/09/2026 08:36
18071970-141f-404a-b03e-755ca7ecd83d,strongly.us,available,5.49,7.99,high,low,8,namesilo,,,25/09/2026 14:25
86deb3a4-b759-4c5a-90a3-73bc2ff562b9,augean.us,available,5.49,7.99,medium,low,6,namesilo,,,07/08/2026 16:54
8a2a008f-205b-4a59-9ca2-e47951b5adc0,mistiness.us,available,,,high,high,9,,,,
1e26895d-b1b5-472c-adb2-b2a4e01042a3,cager.us,available,5.49,7.99,high,low,5,namesilo,,,22/09/2026 11:27
65b36eb7-503a-42fa-afd4-317d5b9e8b9f,gravitate.us,resell,,,high,high,9,"Sav.com, LLC - 1",21/11/2025 00:00,21/11/2026 00:00,26/09/2026 06:29
732d873e-d31d-41fc-a685-b86900174b1d,bedbug.us,resell,,,high,low,6,Above.com Pty Ltd.,26/11/2005 00:00,25/11/2026 23:59,26/09/2026 04:19
65848a09-9839-493e-89ff-2bc3dc4c140a,batchwise.us,available,,,high,high,9,,,,
f6ed5d97-1d92-416d-b880-01e3d9bedd45,sleepwalker.us,resell,,,high,high,11,Dominet (HK) Limited,27/04/2026 17:40,27/04/2027 17:40,26/09/2026 09:04
1b845867-2137-4fbb-a4a9-febfad503a56,taskent.us,available,,,high,high,7,,,,
a3ee2230-3691-4e30-8efa-31d7034a7f34,capparis.us,available,,,high,high,8,,,,
c6efc250-b8c5-42e7-ac00-e4a22914a377,abeer.us,resell,,,high,high,5,Dominet (HK) Limited,27/04/2026 18:07,27/04/2027 18:07,26/09/2026 01:18
c04d0b18-828a-4c89-a08d-d06618424077,dipping.us,available,,,high,low,7,,,,
d387739d-717f-4d11-9af5-ddfa8f4d1f67,bilk.us,resell,,,medium,low,4,Dominet (HK) Limited,27/04/2026 18:39,27/04/2027 18:39,26/09/2026 04:25
3ccdbbd4-6a7d-4932-a297-bf51ace11a5e,elkanah.us,available,,,high,high,7,,,,
814ea8b8-5955-4ff1-8da0-e4a555a54764,administrate.us,resell,,,high,medium,12,Dynadot Inc,16/06/2021 07:26,16/06/2028 07:26,26/09/2026 01:23
d6a97ef1-fbd5-4668-9ba0-1bed6b1e02a2,amorist.us,available,5.49,7.99,high,low,7,namesilo,,,18/09/2026 22:43
55f88bd4-1be8-41ca-a309-a9f6e7525332,papist.us,available,5.49,7.99,high,low,6,namesilo,,,05/09/2026 01:35
e0139148-5e8a-4ea1-b807-8c818f233bf2,sidling.us,available,,,high,high,7,,,,
427addde-0f66-4d74-9915-6bf9f363f462,acclivity.us,resell,,,high,low,9,Dominet (HK) Limited,28/04/2026 11:09,28/04/2027 11:09,26/09/2026 01:20
3d5e3620-eef4-47b2-bb0e-e41b5522369c,binful.us,available,5.98,10.98,medium,low,6,namecheap,,,23/09/2026 17:14
7027a8a8-89ea-49a5-8d80-b3971caf2402,interiorly.us,available,,,high,high,10,,,,
9bc72e13-8041-460c-a1ef-eed11d55b135,reconsidering.us,available,,,medium,low,13,,,,
6b00e815-352d-4b8b-9d87-43010292ca7e,australs.us,available,,,medium,low,8,,,,
c1b61def-dc39-45d8-a581-bbab3139fdc7,coneflowers.us,available,,,medium,low,11,,,,
99cb896a-390e-4beb-9cc8-41e50a5629da,cabimas.us,available,,,high,high,7,,,,
c4840c6f-4269-46da-a801-2b89b4f4b64e,lordships.us,available,,,medium,low,9,,,,
185f532e-f20e-4819-a2fe-896cce4d4de0,eritrean.us,available,5.49,7.99,high,low,8,namesilo,,,17/08/2026 12:22
8c9f0fe7-9697-4d41-a01a-81e2ab2a6b51,tragedy.us,resell,,,high,low,7,Dynadot Inc,26/09/2022 00:01,26/09/2027 00:01,26/09/2026 09:43
2cad32cd-bfb5-4986-acf3-631319459832,soto.us,resell,,,high,low,4,,,,27/09/2026 07:28
fcf3adb3-7485-49cd-860d-a1c73b9c1fac,lowbred.us,available,5.49,7.99,medium,low,7,namesilo,,,10/08/2026 22:02
ce51545b-53fa-4439-bc8e-3b1bc04ad033,clarabelle.us,available,,,high,high,10,,,,
4e0cbbeb-87b0-4f51-b285-aaf504c350d9,parodying.us,available,,,high,high,9,,,,
134936ca-9d25-4144-9e2a-bc562f0b376c,analogist.us,available,5.49,7.99,high,low,9,namesilo,,,19/09/2026 01:52
d1347991-ed1f-4324-a1b0-e01e61d5d5cf,effectively.us,resell,7.99,,high,low,11,"Spaceship, Inc.",01/04/2026 18:37,01/04/2027 18:37,26/09/2026 05:46
c2c14d06-c4c2-4eda-8b48-d64b6f5a80e6,rucola.us,resell,,,high,low,6,Dominet (HK) Limited,27/04/2026 21:13,27/04/2027 21:13,26/09/2026 08:45
0ec14a0c-900b-4b46-880c-d8df4c2da49f,violated.us,available,5.49,7.99,high,low,8,namesilo,,,27/09/2026 07:04
602e1267-870c-4e6e-b1e2-78557facca81,pentecostal.us,available,,,high,high,11,,,,
9929b588-cc8b-4d9e-8581-f31c0e540ea2,deface.us,resell,,,high,low,6,Dominet (HK) Limited,28/04/2026 09:18,28/04/2027 09:18,26/09/2026 05:28
df73f35e-bb62-44ed-9217-d104e9cd225f,homyel.us,available,,,high,high,6,,,,
67360250-4b6d-4a69-b264-d5ed5f41a3f2,galbraith.us,resell,,,high,high,9,Dominet (HK) Limited,28/04/2026 09:23,28/04/2027 09:23,26/09/2026 06:18
9a4eca33-922d-4fe4-ae84-71298b1de9f9,abhydrolase.us,available,,,high,low,11,,,,
4d7f57bb-6953-43de-8a9d-b014e33e88bf,outrebound.us,available,,,high,high,10,,,,
795f3f96-71b6-4290-bb40-351ab26dcaa0,glittery.us,resell,,,high,low,8,"Spaceship, Inc.",01/04/2026 15:22,01/04/2027 15:22,26/09/2026 06:24
ddf9b8ab-7f9e-4a2e-9d5c-d68871bfa078,tour.us,resell,,,high,low,4,"eNom, LLC",24/04/2002 14:00,23/04/2027 23:59,26/09/2026 09:42
4b6c982e-731d-4f7c-ad3c-59ea441330f9,fortuna.us,resell,,,high,high,7,"NameCheap, Inc.",10/07/2013 18:06,09/07/2027 23:59,26/09/2026 06:13
27b57c18-a7aa-4bae-a5de-f801bf3a44ec,compostela.us,resell,,,high,high,10,Dominet (HK) Limited,27/04/2026 14:16,27/04/2027 14:16,26/09/2026 05:10
02bf60da-39ee-458e-979d-f88b42089f5d,esther.us,resell,,,high,low,6,Dynadot Inc,24/04/2002 16:16,23/04/2027 23:59,26/09/2026 05:54
10bfc23f-29ba-48bb-a804-51f00dc4535b,experiment.us,resell,,,high,low,10,"GoDaddy.com, LLC",24/04/2002 14:33,23/04/2027 23:59,26/09/2026 05:57
2884784f-72ab-44d1-a487-875e37911bc7,orbit.us,resell,,,high,medium,5,"eNom, LLC",24/04/2002 14:49,23/04/2027 23:59,26/09/2026 07:56
e1befbb2-9b7c-46b1-abeb-e3f45381380f,obscenely.us,available,5.49,7.99,medium,low,9,namesilo,,,15/09/2026 11:14
12b039f1-c60a-4fee-8e37-0e5589a63184,buttering.us,available,,,high,high,9,,,,
f4259600-3bfd-4e93-aeb7-1f075a6778c9,azonal.us,available,5.49,7.99,high,low,6,namesilo,,,08/08/2026 02:27
ac8e58e6-e91b-417f-a7ff-0006a6dc6ed3,slays.us,available,,,high,low,5,,,,
992cd455-7c53-458b-8097-0a7a068afb1f,superscripted.us,available,,,high,high,13,,,,
45f92aaf-f0ea-4f2a-9ff9-964cd8fd1376,wholistic.us,resell,,,high,high,9,Dynadot Inc,20/08/2024 06:00,20/08/2027 06:00,26/09/2026 10:09
bd4d8fa7-66bc-4e4f-a733-74d0e6ed31cb,alpena.us,resell,,,medium,low,6,"Spaceship, Inc.",02/04/2026 21:44,02/04/2027 21:44,26/09/2026 03:49
9407e76b-52bc-4db1-a3f1-553b47980e53,snigg.us,available,,,high,high,5,,,,
8dc5e9ae-b0b0-49ac-8b19-dc59ac29155c,firmware.us,resell,,,high,high,8,"GoDaddy.com, LLC",28/06/2005 17:07,27/06/2027 23:59,26/09/2026 06:06
0af5b05b-f84e-4064-9e3e-bbadcc8ba09a,surrounding.us,resell,7.99,,high,low,11,"Spaceship, Inc.",01/04/2026 18:14,01/04/2027 18:14,26/09/2026 09:26
3daffdf2-c9ac-423f-8909-c678deffbacd,pickaxes.us,available,,,medium,low,8,,,,
2d40a3d1-dd75-4eb2-bf6a-fbf9dbd53bef,nwav.us,available,,,high,high,4,,,,
186cc0c6-bf57-4838-bb6c-1b87017b6d73,turn.us,resell,,,high,low,4,"GoDaddy.com, LLC",24/04/2002 15:26,23/04/2027 23:59,26/09/2026 09:48
593da017-ba5b-4f98-b4ab-f4c1152010d9,vagabonding.us,available,,,high,high,11,,,,
926a5ad1-e078-46c9-addf-1856d6c80865,leaflets.us,resell,,,high,low,8,Dominet (HK) Limited,29/04/2026 03:56,29/04/2027 03:56,26/09/2026 07:10
d7ad671e-faf2-43fb-8ff9-8544e532c113,unpunished.us,available,5.49,7.99,high,low,10,namesilo,,,12/09/2026 17:37
08e0fef7-361f-461c-ba71-366a32934df2,deafening.us,available,7.99,18.99,high,low,9,name.com,,,13/08/2026 19:54
73153308-8332-4512-9059-42426253d586,uncurbed.us,available,5.49,7.99,medium,low,8,namesilo,,,12/09/2026 04:34
fd246a04-d4e9-4a37-b266-8ec63a8ef832,taste.us,resell,,,high,low,5,"Global Domains International, Inc. DBA DomainCostClub.com",24/04/2002 14:31,23/04/2028 23:59,26/09/2026 09:31
85e78b47-45aa-4437-a629-24407a2f1744,archimedes.us,resell,,,high,low,10,Dynadot Inc,09/10/2022 00:00,09/10/2027 00:00,26/09/2026 03:58
96c93b15-2ecc-403f-a173-06d14d146d08,bida.us,resell,,,high,low,4,Dynadot Inc,16/06/2020 06:44,16/06/2027 06:44,26/09/2026 04:24
a804cb82-b837-47f7-a003-65cc11a317c1,masterable.us,available,,,high,low,10,,,,
283b690a-89aa-493b-a74e-40c4d5d91ccf,southhampton.us,available,,,high,high,13,,,,
6005d91d-45e8-427a-9b69-fdea93799564,boatbuilding.us,available,,,high,high,12,,,,
e104f84e-1643-48ab-9006-029e58eae484,reduction.us,resell,,,high,high,9,"Spaceship, Inc.",01/04/2026 11:49,01/04/2027 11:49,26/09/2026 08:33
031dd7c3-831b-42f6-9d47-4aae5cbbceeb,edmunds.us,resell,,,high,high,7,"Wild West Domains, Inc.",14/08/2005 17:06,13/08/2027 23:59,26/09/2026 05:46
21265e55-72d1-4604-969a-e4be5d4af24b,gentians.us,available,,,medium,low,8,,,,
9bc7d0cf-8d0d-48c1-9782-24497503a5d6,cashiering.us,available,,,high,high,10,,,,
b22bc1b5-09fc-40fc-8ecb-0d76f08320a2,spiraling.us,available,,,high,low,9,,,,
e554335b-5a49-41c1-aeda-b32a06fbb1e4,transport.us,resell,,,high,low,9,"GoDaddy.com, LLC",12/07/2020 00:01,12/07/2027 00:01,26/09/2026 09:44
7a766875-b201-450f-90af-7bc43b49b871,ellingworth.us,available,,,high,high,11,,,,
53292c38-97e4-4cd8-87ba-1cb8ceabc58a,doughy.us,available,5.49,7.99,high,low,6,namesilo,,,14/08/2026 17:03
6b7f8696-690a-402e-a80d-d247846e1516,hydroelectric.us,available,,,high,high,13,,,,
b71305cc-449c-4929-902c-670c4c61f9ad,compulsorily.us,available,,,high,high,12,,,,
8e339c99-4797-4aef-b6df-a3e0b3981f5e,absorberman.us,available,,,high,high,11,,,,
0d31c836-35c5-4a83-9367-2b2e264becbd,kiyoko.us,available,,,high,high,6,,,,
1bdd99e6-58d8-4654-b8f9-5623bd31e9b2,jape.us,resell,,,high,high,4,"Spaceship, Inc.",01/04/2026 12:31,01/04/2027 12:31,26/09/2026 06:59
455b67d3-0425-4ba8-978a-771895f157e3,casings.us,available,,,high,low,7,,,,
aae7f4bc-7905-4786-942f-5aac9c352ad4,couchedness.us,available,,,high,high,11,,,,
8e5dd533-2ab7-4cd6-ab42-b4e0ee126ded,cottonfield.us,available,,,high,high,11,,,,
9cb5949b-59e6-4dd4-a9cc-59e37202ccd0,executant.us,available,,,high,high,9,,,,
4833fbb2-2ef8-4e72-8b5a-78ed456707db,internationalism.us,available,,,high,low,16,,,,
8b7bf86c-6580-45d4-b697-01a967f63dc5,floaty.us,resell,,,high,low,6,Dominet (HK) Limited,27/04/2026 18:56,27/04/2027 18:56,26/09/2026 06:08
2f49d745-d600-49d4-9186-40c3d9252f3f,faerie.us,resell,,,high,high,6,"Spaceship, Inc.",02/07/2024 21:20,02/07/2027 21:20,26/09/2026 05:59
da3557a6-3f16-4e03-9c6e-c24b454b814d,beerful.us,available,,,high,high,7,,,,
b0b0c241-0e89-4fd6-a939-cf7dac2c0c24,godlike.us,resell,,,high,low,7,"Spaceship, Inc.",06/12/2022 00:05,06/12/2026 00:05,26/09/2026 06:25
e609d069-ff58-4ec7-8571-af8e59e518a9,parish.us,resell,,,high,high,6,"GoDaddy.com, LLC",10/07/2018 00:13,10/07/2027 00:13,26/09/2026 08:02
19bcce75-d165-4e73-95d3-03059de821ae,frivolity.us,available,,,high,high,9,,,,
85c541e3-a602-46c0-b0c8-918725c75a89,nauseating.us,available,5.49,7.99,medium,low,10,namesilo,,,24/08/2026 08:23
31e61fa1-734f-4926-a0a2-7b057184618a,reordering.us,available,,,high,high,10,,,,
c06b2d00-6674-4add-ade7-f6737b010f57,wetted.us,available,,,high,high,6,,,,
9cf49830-22e2-4004-a28a-59b2d3ea686e,fundraisings.us,available,,,medium,low,12,,,,
7fd10098-e39a-49ee-b9b0-52e2d034c9dd,altruistic.us,available,5.49,7.99,high,low,10,namesilo,,,22/09/2026 02:48
da7206ee-96a9-49a9-b4f2-c46fc31504c6,plurals.us,available,,,high,low,7,,,,
b8a5f2f7-8b54-4b45-96a2-bedb8651a30e,cooperated.us,available,,,high,low,11,,,,
a3664a95-50ca-4c2d-91ae-10c727370b47,alphavir.us,available,5.98,10.98,medium,low,10,namecheap,,,18/09/2026 13:47
cf6d870a-93a4-45cf-84a3-8982e734a56e,criminal.us,resell,,,high,low,8,Dynadot Inc,11/07/2013 18:02,10/07/2028 23:59,26/09/2026 05:20
a3790150-5a7f-4286-ad10-67864db4e39b,concerted.us,available,5.98,10.98,high,low,9,namecheap,,,12/08/2026 20:06
6367ece2-f82a-490b-8984-2ebc0292a370,posture.us,resell,,,high,low,7,Dynadot Inc,23/12/2019 21:14,23/12/2026 21:14,26/09/2026 08:16
d7458c85-0210-40d5-af5a-4a95e7f04448,grazes.us,available,,,medium,low,6,,,,
15d0173f-0e7a-4639-a1cd-95dc1713e307,polysome.us,available,,,high,high,8,,,,
778bb72a-a99f-4ecd-8493-382580b4575e,balanchine.us,available,5.98,10.98,high,low,10,namecheap,,,21/09/2026 20:54
a2ef4cee-a97d-4349-988d-ed2ba6b74d85,abomasum.us,available,5.49,7.99,high,low,8,namesilo,,,16/09/2026 16:29
14ea394c-e29c-4aa4-a4b1-eea01fd825a5,backside.us,resell,,,medium,low,8,Dynadot Inc,25/01/2021 14:08,25/01/2027 14:08,26/09/2026 04:12
76d747e4-741f-460c-8bb5-d3c74b24293b,banned.us,resell,,,high,low,6,"Spaceship, Inc.",31/05/2023 00:00,31/05/2027 00:00,26/09/2026 04:16
033712fe-786e-4da5-ba73-90f3e1c0990a,snowy.us,resell,,,high,medium,5,"NameSilo, LLC",04/07/2021 00:04,04/07/2027 00:04,26/09/2026 09:07
0743d6f5-69ad-4781-b196-a3eb2728d8de,sunnite.us,available,,,high,high,7,,,,
26975ef2-d7c8-4bce-9e62-a3201132e14b,rey.us,resell,,,high,low,3,"GoDaddy.com, LLC",29/05/2004 15:19,28/05/2027 23:59,26/09/2026 08:40
81e5acdf-8e84-4fcd-9ca3-f67b51a7a850,saithe.us,available,,,high,high,6,,,,
5eeb6317-915b-4c89-afd5-fd1aeaa26b87,clunky.us,available,5.49,7.99,medium,low,6,namesilo,,,12/08/2026 13:08
7895e20a-e2bc-4567-8d4e-825121d38b58,too.us,resell,,,high,low,3,"GoDaddy.com, LLC",24/04/2002 14:46,23/04/2027 23:59,26/09/2026 09:40
2c7209a6-c03b-45e4-bc2c-0afaa2aebc2c,payment.us,resell,,,high,low,7,Key-Systems GmbH,09/07/2009 18:25,08/07/2027 23:59,26/09/2026 08:04
04429cac-34ca-4f7b-866c-5fce0221aa26,arianrhod.us,available,5.49,7.99,high,low,9,namesilo,,,20/09/2026 05:14
57b849f3-0823-4ddd-aad2-d4cc1c4460dd,vesuvius.us,resell,,,high,high,8,Dominet (HK) Limited,27/04/2026 10:35,27/04/2027 10:35,26/09/2026 09:58
fd4dbf88-4ad0-4a47-b316-94738f0a9d40,letter.us,resell,,,high,low,6,"Global Domains International, Inc. DBA DomainCostClub.com",24/04/2002 14:38,23/04/2028 23:59,26/09/2026 07:12
64989175-2eda-4eff-bca9-8459bb34cab2,complimented.us,available,,,medium,low,12,,,,
94b859f4-9f6a-4ad9-9090-1d58d0faab04,tonsorial.us,available,5.49,7.99,medium,low,9,namesilo,,,11/09/2026 17:12
a4ab041a-df9d-4982-a889-f3ff7515abb6,antiderivatives.us,available,,,medium,low,15,,,,
bdfb9c25-168f-4385-acf4-329f5d12e23c,yeet.us,resell,,,high,high,4,Gandi SAS,20/05/2021 00:01,20/05/2027 00:01,26/09/2026 10:15
31ed4d8b-e497-4200-a3cc-3f55293e536d,sesotho.us,available,5.98,10.98,high,low,7,namecheap,,,22/09/2026 13:00
017c2154-13e2-4451-855a-80d7ff954d6c,affectionately.us,available,,,high,high,14,,,,
509e9309-0fb1-4370-b444-53aa5e4421cc,newsboy.us,available,,,high,high,7,,,,
2f34ed3f-de1a-4866-abba-309f8a4858c8,expansionists.us,available,,,medium,low,13,,,,
f78eff93-bdd7-4005-858c-2ac070044b41,presciently.us,available,,,high,high,11,,,,
77b24348-455c-4f98-ba47-43b96650efef,volary.us,available,5.49,7.99,high,low,6,namesilo,,,21/09/2026 09:24
558e4430-ef4f-4b24-9873-57a8655075fe,acclimated.us,available,,,high,high,10,,,,
564d28c9-5eec-4a8a-9cfd-0a22e49b41af,railing.us,resell,,,high,high,7,Dynadot Inc,25/04/2026 00:02,25/04/2027 00:02,26/09/2026 08:28
05e6fc86-8fda-4706-8317-661cfed6d750,unblinking.us,available,5.49,7.99,medium,low,10,namesilo,,,12/09/2026 02:16
a7460f44-9172-4695-bd7c-ec823cf5506a,americano.us,resell,,,high,medium,9,"GoDaddy.com, LLC",07/07/2018 00:09,07/07/2027 00:09,26/09/2026 03:50
54de9b6a-c4fa-4365-bb99-a5b82d1bf42b,emberlynn.us,available,,,high,high,9,,,,
6f0b1238-bf0a-46db-afea-e7e7317a2119,anyways.us,resell,,,high,low,7,"Spaceship, Inc.",01/04/2026 13:53,01/04/2027 13:53,26/09/2026 03:55
979730ce-610a-4143-8153-fe058e0272f0,westernized.us,available,,,high,high,11,,,,
ed0df9f7-513d-4a14-97a1-8a2fbe05909a,yoghurts.us,available,,,medium,low,8,,,,
82810983-2c5b-4960-8aa4-f2397de12cbb,gorgonian.us,available,,,high,high,9,,,,
4103eba9-dac3-49f0-8ecf-6c27995920cf,sumti.us,available,,,high,high,5,,,,
2919583a-7065-4785-8f73-da98791a667a,tvp.us,resell,,,high,high,3,"GoDaddy.com, LLC",17/07/2016 18:02,16/07/2027 23:59,26/09/2026 09:49
1bec0e26-f9eb-4197-8bdf-5f8dddbd9ed8,meshuga.us,available,5.98,10.98,medium,low,7,namecheap,,,24/08/2026 21:06
bfea1902-a56e-4272-82a0-9f900ff42b78,acidity.us,available,5.49,7.99,high,low,7,namesilo,,,17/09/2026 01:24
f21cd61e-9df4-4eac-8550-581d6f334354,carnivore.us,resell,,,high,high,9,"Spaceship, Inc.",01/08/2012 02:49,31/07/2027 23:59,26/09/2026 04:47
c012cf47-51ea-451b-8476-a779affeaa82,puppylike.us,available,5.49,7.99,high,medium,9,namesilo,,,09/09/2026 06:10
68ab4772-6518-45bf-8361-7992ef3a6c5b,definition.us,resell,,,high,low,10,Dynadot Inc,22/03/2019 00:02,22/03/2027 00:02,26/09/2026 05:28
d1f2db01-c7b6-4315-ada9-97156cdc1ac2,bibulous.us,available,5.98,10.98,medium,low,8,namecheap,,,09/08/2026 18:58
bf587b73-535a-4982-8e9a-7c0ca466a5d6,asked.us,resell,,,high,low,5,PDR Ltd. d/b/a PublicDomainRegistry.com,26/04/2002 12:15,25/04/2027 23:59,26/09/2026 04:04
25947d98-b74d-487d-b4e3-7b34e1c5e1ae,cbdc.us,resell,,,high,high,4,"Spaceship, Inc.",11/07/2025 00:00,11/07/2027 00:00,26/09/2026 04:49
5cc3f278-7128-487f-a941-8edd2f130a41,hillarycare.us,available,,,high,high,12,,,,
4589b6f7-83e9-4d78-8158-967627bb82f1,geocentric.us,resell,,,high,low,10,"Spaceship, Inc.",02/04/2026 08:27,02/04/2027 08:27,26/09/2026 06:21
53bd43f9-0a8d-4eb5-89b3-a89b8baf9975,bosh.us,resell,,,medium,low,4,Dynadot Inc,19/03/2012 08:58,18/03/2027 23:59,26/09/2026 04:33
39d6fb13-43b4-485f-b851-7e4007f72464,caressingly.us,available,,,high,high,11,,,,
2a7c58c6-9932-4523-bb08-4421229f429b,broth.us,resell,,,high,low,5,"Spaceship, Inc.",21/11/2012 20:21,20/11/2026 23:59,26/09/2026 04:38
f8b214f9-b3b1-4e3c-afc2-7cff0826fdda,annexe.us,resell,,,high,low,6,Dominet (HK) Limited,27/04/2026 20:57,27/04/2027 20:57,26/09/2026 03:53
e86f6392-8000-40dd-a4c5-13b4ef4e0426,beltwork.us,available,,,high,high,8,,,,
71d2f7b7-2a46-407e-9030-83d107e44aa7,anacardium.us,available,5.49,7.99,high,low,10,namesilo,,,19/09/2026 00:59
515d314c-bdcb-4300-aeb4-a3452f251e31,physiological.us,available,,,high,medium,13,,,,
0aa12f1c-e89c-4978-8d6a-85a3c34bca20,thimblemaking.us,available,,,medium,low,13,,,,
4fd7c181-cd53-410e-abe1-c9761277bb43,cuddles.us,resell,,,high,low,7,"Spaceship, Inc.",22/08/2024 08:51,22/08/2027 08:51,26/09/2026 05:21
f56277ba-be1a-4d45-aee0-3a309ac2e591,hardpan.us,available,,,high,high,7,,,,
d0b4c414-2d64-47c4-95fe-67666de8fedd,concertmaster.us,available,,,high,high,13,,,,
fd74343c-1104-4e78-b71c-a38a58685fde,fraustat.us,available,,,high,high,8,,,,
5051e2bd-f9a5-4d9e-997c-1b0222fffe0f,alimental.us,available,5.49,7.99,high,low,9,namesilo,,,
f775766c-3c29-4d5d-9f7b-aba8028a4762,bowelless.us,available,5.49,7.99,high,medium,9,namesilo,,,10/08/2026 23:08
296d4b81-2577-49cb-99d7-d83c279466dd,shined.us,available,,,high,high,6,,,,
e0ccd6e7-4feb-470a-a537-24d470e3cf03,maybe.us,resell,,,high,low,5,Dynadot Inc,24/04/2002 14:26,23/04/2027 23:59,26/09/2026 07:28
f09c939d-9447-46aa-84a1-a31751abb194,upstanding.us,available,,,high,low,10,,,,
c7e3a559-df91-4c8e-89b8-85ffe34fe743,antidiuretic.us,available,,,high,high,12,,,,
0feaee36-8cd0-4ceb-a249-24ba2849f313,sofian.us,available,,,high,high,6,,,,
0c819804-9d0f-419e-8f57-37f877f9320e,trickling.us,available,,,high,high,9,,,,
1bb78f82-253a-4166-987c-2980de5c1abe,powerdrill.us,available,,,high,high,10,,,,
fd31b5de-dd4b-4c0e-9a71-68b51b519252,judgeship.us,available,,,high,high,9,,,,
66211db6-b739-4dd6-b20f-a192bf4b69ff,steady.us,resell,,,high,low,6,Dynadot Inc,30/03/2010 15:45,29/03/2027 23:59,26/09/2026 09:17
40dc2821-0ca0-42f7-9a85-ff2a7262e8e9,downer.us,resell,,,medium,low,6,Dynadot Inc,01/05/2022 00:00,01/05/2027 00:00,26/09/2026 05:40
cbf0aaac-f642-42b3-a3e1-eeca7fec9b9d,steeton.us,available,,,high,high,7,,,,
2330ae93-dca4-47bd-bef8-1c7c66096f22,soared.us,available,,,high,low,6,,,,
b8fb81fe-349e-4ef6-b8d1-4ea8d87a8cad,fqpa.us,available,,,high,high,4,,,,
d4b18865-9e98-4543-bb3c-9df610f18c34,spoonerisms.us,available,,,medium,low,11,,,,
9843d596-24c6-4628-96a3-9ce06a4391a9,masklike.us,available,,,high,medium,8,,,,
7b3229ed-8d2c-405e-bc1f-48a6d2708652,communicability.us,available,,,high,low,15,,,,
91d85e51-e431-4c4b-88d9-60814f7eaf8e,potawatomis.us,available,,,medium,low,11,,,,
a901a238-90c5-41a6-a00e-0752b0ebe680,wanly.us,available,5.49,7.99,medium,low,5,namesilo,,,16/09/2026 11:19
6c698f85-012d-4204-921c-34a134c6996e,elaichi.us,available,,,high,low,7,,,,
e20ca3bb-dfd5-4b1a-b736-2de254ba3af7,suggestible.us,available,,,high,high,11,,,,
95412a88-cf94-4b8a-87e5-d188cfb77b77,lotusland.us,available,,,high,high,10,,,,
522b8a6c-8b93-4adf-a01e-95e9ab5a61b8,hoydenish.us,available,5.49,7.99,medium,low,9,namesilo,,,21/08/2026 14:29
060549d6-acce-4019-b70b-d34e43acc670,dubbed.us,available,,,high,low,6,,,,
6d792315-ab5c-41bd-9a07-6351069d5041,halfbacks.us,available,,,medium,low,9,,,,
116dadae-fd85-46c8-87f2-00e04434b662,sounds.us,resell,,,high,low,6,"GoDaddy.com, LLC",11/07/2015 18:03,10/07/2027 23:59,26/09/2026 09:10
a757f2d4-b0c0-4923-8913-9b8f62c534df,ribbon.us,resell,,,high,low,6,Dynadot Inc,12/07/2018 00:12,12/07/2027 00:12,26/09/2026 08:40
18645dfc-ac35-43bb-aff6-2522cc279756,australianization.us,available,,,high,high,17,,,,
536ce3ad-b618-4e0a-a244-e994b06212e7,fogged.us,available,5.49,7.99,medium,low,6,namesilo,,,18/08/2026 09:51
dc9f954d-3a0b-439c-94ee-68cdfa0add75,soporific.us,available,5.49,7.99,high,low,9,namesilo,,,21/08/2026 16:58
7b17d0d5-6673-46ef-b5d6-0633d5e773bb,genderfluid.us,resell,,,high,high,12,"Spaceship, Inc.",06/06/2026 19:00,06/06/2027 19:00,26/09/2026 06:20
9fe30282-8367-4626-b432-e5358900004c,dromedary.us,available,5.49,7.99,high,low,9,namesilo,,,19/09/2026 23:32
3687feac-a08a-4439-ac51-ca1b2ed2cf2d,prescriptive.us,available,,,high,high,12,,,,
338bb97a-300c-4dea-a502-b2c1f76f1140,connection.us,resell,,,high,low,10,"Global Domains International, Inc. DBA DomainCostClub.com",04/06/2004 13:58,03/06/2028 23:59,26/09/2026 05:12
f4834c1c-c895-4b68-92e7-68ea4fc722be,resiny.us,available,5.49,7.99,medium,low,6,namesilo,,,09/09/2026 15:15
cc8a0f55-20e3-44bd-aca3-f6381c8734e3,smug.us,resell,,,high,low,4,"Spaceship, Inc.",25/06/2023 00:00,25/06/2027 00:00,26/09/2026 09:06
39107a6d-3760-4cb8-8159-79b6309778b5,everything.us,resell,,,high,medium,10,"GoDaddy.com, LLC",24/04/2002 14:08,23/04/2027 23:59,26/09/2026 05:55
b3e3611e-14ad-4c00-987f-548d4324abae,bise.us,resell,,,medium,low,4,Dominet (HK) Limited,27/04/2026 07:29,27/04/2027 07:29,26/09/2026 04:27
1e10d14d-d6e8-435c-b900-b39d91165141,windowing.us,available,,,high,high,9,,,,
821f6a59-3479-43fd-b56c-7bd9db16f792,philosophylike.us,available,,,high,high,14,,,,
2b7b56ef-f079-4340-a8fd-b93d1a54dde1,westhill.us,resell,,,high,low,9,Dominet (HK) Limited,27/04/2026 07:11,27/04/2027 07:11,26/09/2026 10:08
2b2d1bdb-37e6-48f4-9e5f-d18aed8039de,bellboys.us,available,,,high,low,8,,,,
8f260f3a-8a92-4949-a4a6-bd18451c8c25,gushing.us,available,5.49,7.99,high,low,7,namesilo,,,11/08/2026 10:18
ca7bd268-b5ff-4f7f-967a-af5b45617d32,pithily.us,available,5.98,10.98,high,low,7,namecheap,,,15/09/2026 20:06
947ae9d0-7c85-48f5-8815-c9fe0b277bb0,jibe.us,resell,,,high,low,4,"Spaceship, Inc.",03/07/2022 02:39,03/07/2027 02:39,26/09/2026 07:00
57e7e622-36b6-4d64-808c-b321cdf839af,complacence.us,available,,,high,low,11,,,,
08ca5c88-74e3-410e-9a8a-6bee581f52d3,unpowered.us,available,5.49,7.99,medium,low,9,namesilo,,,12/09/2026 17:18
de1d68dc-e19e-4595-babc-9c519a9b6368,restorative.us,resell,,,high,high,11,"GoDaddy.com, LLC",28/12/2024 23:24,28/12/2026 23:24,26/09/2026 08:38
f75df183-ef0b-4884-83e2-6d2c5ea60940,socialized.us,resell,,,high,low,10,Dominet (HK) Limited,28/04/2026 10:32,28/04/2027 10:32,26/09/2026 09:07
da55a87d-be71-4d7a-91a3-17287b7a6891,kaylinn.us,available,,,high,high,7,,,,
4ab0e529-d393-438e-a83c-c429ff45ca7d,czechoslovakian.us,available,,,high,high,15,,,,
116bbadf-1008-4b8e-a456-d6166f8393e9,planet.us,resell,,,high,medium,6,Dynadot Inc,15/09/2020 00:01,15/09/2028 00:01,26/09/2026 08:11
8903cae5-6f7d-4fab-b7be-e67092647b01,eeducation.us,resell,,,high,high,11,"GoDaddy.com, LLC",17/05/2023 05:01,17/05/2027 05:01,26/09/2026 05:46
e6d26d92-d083-4c85-98e4-ab32592c6719,hydrous.us,available,5.49,7.99,medium,low,7,namesilo,,,21/08/2026 16:14
8ff038f8-ae04-4137-a3ed-9ff2477988bb,reweave.us,available,,,high,low,7,,,,
94756991-93d8-4473-b1cc-ff41a124a71e,stacee.us,available,,,high,high,6,,,,
cfd31fee-a51b-44c4-b74e-fe70026f05ba,centrolaterally.us,available,,,low,low,15,,,,
92fa4ecf-3e22-4da6-b4ed-ba6fa8162a0b,glances.us,available,5.49,7.99,medium,low,7,namesilo,,,18/09/2026 02:11
bbb12063-0638-4b13-90ae-81a375668f2d,kalemie.us,available,,,high,high,7,,,,
277da3c2-1051-4ae7-94b6-1ae7c5b284be,wrinkled.us,available,5.49,7.99,high,low,8,namesilo,,,12/09/2026 13:50
57260685-b5d2-4316-8489-db11e0b1f6c9,elide.us,resell,,,high,high,5,Dominet (HK) Limited,27/04/2026 14:26,27/04/2027 14:26,26/09/2026 05:48
50352394-6ecc-4195-a3d6-73710018c142,populations.us,available,,,high,low,11,,,,
ffd44058-d998-4d24-b071-4bf9269f6674,spotlighter.us,available,,,high,high,11,,,,
95b4d077-c5d1-4a49-8331-2a79f742ab84,henpecked.us,available,5.49,7.99,medium,low,9,namesilo,,,21/08/2026 06:42
3ab86956-70d3-4448-beda-b26606b94995,amplifies.us,available,7.99,18.99,medium,low,9,name.com,,,17/09/2026 20:54
5bd5600f-6b6e-4b2c-9a21-3ee819fbbaa3,abstemious.us,resell,,,high,low,10,UdomainName.com LLC,30/06/2017 18:00,29/06/2027 23:59,26/09/2026 01:19
c86f444a-7bd4-46f9-8586-f8b9db056fd4,lifehacking.us,resell,,,high,high,11,"Spaceship, Inc.",01/04/2026 07:53,01/04/2027 07:53,26/09/2026 07:13
17911c7b-14ca-4f5f-bbd7-526ef1131ec9,alehouse.us,resell,,,high,low,8,Dynadot Inc,10/07/2021 00:02,10/07/2027 00:02,26/09/2026 01:29
0fc24a54-3246-4aba-80d7-7aacdf462a76,importance.us,available,5.49,7.99,high,low,10,namesilo,,,25/09/2026 11:03
2a7675f2-d7ab-43ff-9a9d-de5b7fdf1183,finitely.us,available,5.49,7.99,medium,low,8,namesilo,,,14/09/2026 18:35
231ec4c7-610d-40d7-8e60-c4a00c4cf845,delectable.us,resell,,,high,low,10,Dominet (HK) Limited,27/04/2026 20:29,27/04/2027 20:29,26/09/2026 05:28
af7912c6-4559-4950-a949-6299a37ef18a,acrolein.us,available,5.98,10.98,medium,low,8,namecheap,,,17/09/2026 03:46
579eab43-29ec-41ed-a462-597c0cc02ce4,autobiographer.us,available,,,high,high,14,,,,
ff39e0c8-687c-43eb-b2d7-2102f1e7ad47,subconsciously.us,available,,,high,high,14,,,,
72d647b4-75a4-4353-8dc5-10c2257aaf82,handled.us,resell,,,high,low,7,"Sav.com, LLC - 4",25/04/2026 00:02,25/04/2027 00:02,26/09/2026 06:33
080c92c4-a2e3-4e63-8314-973d40a16f54,hairpins.us,resell,,,medium,low,8,Porkbun,27/11/2003 20:24,26/11/2026 23:59,26/09/2026 06:32
0d1bda4f-f892-4c60-b87d-9279cd103023,unshaken.us,available,5.49,7.99,high,low,8,namesilo,,,12/09/2026 07:04
1a7a9296-dae3-4f13-ac05-fd36296a049c,rephotograph.us,available,,,high,high,12,,,,
519cc7ae-a47d-4659-b6e8-47221cd62198,headwaiter.us,available,,,high,high,10,,,,
a018ceeb-4f8b-4f77-b355-fceb1d7e67ca,indigency.us,available,,,high,low,9,,,,
e34ecfa6-a365-47e8-b93f-12bb618bf8de,psychoactive.us,available,,,high,high,12,,,,
fa00290c-96a7-4f7b-aa5d-4ced9e6a6896,housedoor.us,available,,,high,high,10,,,,
d0a67a91-b9c0-46c5-83f3-dfa464c40afc,clays.us,available,,,high,medium,5,,,,
54f60108-0251-4391-8f90-b0e82cd24141,insidious.us,resell,,,high,low,9,"GoDaddy.com, LLC",04/08/2002 14:22,03/08/2027 23:59,26/09/2026 06:53
7443b445-578b-45a3-98fc-a62af71feb01,supervises.us,available,,,medium,low,10,,,,
0590fbed-50bd-4ef2-b043-2fb216fcc79b,soothes.us,available,5.49,7.99,medium,low,7,namesilo,,,20/09/2026 05:20
4d520be4-a75d-48fa-af47-19664ce04962,spearfishing.us,resell,,,high,high,12,"Spaceship, Inc.",01/04/2026 10:54,01/04/2027 10:54,26/09/2026 09:11
eae5284d-ebcc-411c-beba-00226b788511,highboy.us,available,,,high,high,7,,,,
c4381608-a2b0-4a80-87d0-11f3284dd504,midtable.us,available,,,high,high,8,,,,
d4aafa72-424c-4f1e-92d1-620a48bcee97,moldavia.us,available,,,high,high,8,,,,
46aebfaf-7bbc-47cd-ae10-947462d6e466,eliteracy.us,available,,,high,low,10,,,,
2ac6188c-00e7-40d8-bb48-005e6c80d28a,novorossia.us,available,,,high,high,10,,,,
01d832fb-cbfa-4dc8-9fc0-0b422815665b,embsay.us,available,,,high,high,6,,,,
612518d9-b360-43f1-a268-7deccd594907,prolate.us,available,5.98,10.98,high,low,7,namecheap,,,15/08/2026 18:52
2501d5b7-9963-4705-9f42-07dba34ee340,kirtleton.us,available,,,high,high,9,,,,
b3d4b0d3-f2d0-4bf2-a704-35c25aa6cfe0,salvadorian.us,available,5.49,7.99,high,high,11,namesilo,,,27/09/2026 05:21
f1e2f384-8aca-4a4d-82a2-c8b47468100e,instructional.us,available,,,high,high,13,,,,
eb724596-cc1f-42c8-b52d-18708a2e9e96,gorgonacea.us,available,,,high,high,10,,,,
dc4e1c88-271b-4639-815e-74071a4c5041,grazers.us,available,,,medium,low,7,,,,
b36dd805-7eea-42b7-907d-2ade5024b0de,anything.us,resell,,,high,low,8,"GoDaddy.com, LLC",24/04/2002 14:07,23/04/2027 23:59,26/09/2026 03:55
d444766b-a056-49db-b86d-86f98b4d2dd5,mentees.us,available,,,high,low,7,,,,
86857bbf-9cfb-47e1-9958-d7f09d69eeb7,civilly.us,available,5.49,7.99,high,low,7,namesilo,,,14/09/2026 06:57
9bf96f93-763e-4fea-bfaf-67ae3d5fbb7c,sporks.us,available,,,high,low,6,,,,
d403e839-b5ca-4465-be49-297321c72004,shreveport.us,resell,,,high,high,10,"GoDaddy.com, LLC",11/07/2013 18:06,10/07/2027 23:59,26/09/2026 09:00
7a947023-6abf-42ef-a9a6-a38caa409b37,impotent.us,resell,,,high,low,8,Dominet (HK) Limited,27/04/2026 08:39,27/04/2027 08:39,26/09/2026 06:49
f2a289f7-cefc-48c1-92b8-2cf60def10f7,bowed.us,available,5.49,7.99,high,low,5,namesilo,,,06/08/2026 14:55
493f116b-3c12-49fa-8883-f67d0d1b04f9,interpleural.us,available,,,high,low,12,,,,
51d6ae11-fdf1-4884-a19c-a2625ab3a199,fluffiness.us,available,,,high,high,10,,,,
cd4c0ada-d1b2-4cf0-a329-0ed6da3df9ea,lallygag.us,available,5.49,7.99,medium,low,8,namesilo,,,11/09/2026 08:33
7ad67736-422b-4cf9-871f-54ca887714e9,acceptances.us,available,,,medium,low,11,,,,
091ea963-54c0-4e27-88b0-730292fd8323,subparagraph.us,available,,,high,high,12,,,,
81b80c32-dff3-4976-a7d7-bd0628b65b2c,salubriousness.us,available,,,high,high,14,,,,
0bc7a907-9ccc-47ae-af6a-f92fb244ea5e,workdays.us,available,5.98,10.98,high,low,8,namecheap,,,26/09/2026 10:13
a2ba3b4c-fc68-4eba-a412-c8e8847de83b,moderator.us,resell,,,high,low,9,"GoDaddy.com, LLC",24/11/2017 10:02,24/11/2026 10:02,26/09/2026 07:36
01d60a91-66da-465d-8e0f-e3bbdea0b51b,compliantly.us,available,,,high,high,11,,,,
e58fbde2-e5d7-447a-9516-24f69a6a620f,finialled.us,available,,,medium,low,9,,,,
9af8a2dc-05f1-442c-a6bb-0b649412536b,mythicism.us,available,,,high,low,9,,,,
6b297604-d313-4fb4-97e6-faf76b9cd77d,permeated.us,available,,,medium,low,9,,,,
c1a4e9f5-89e7-4d2d-8929-a3d00cbd8ada,respites.us,available,,,medium,low,8,,,,
b56dad0c-a248-4f8d-8595-33a3c5527b7b,propellor.us,available,,,high,high,9,,,,
14bb8a40-d07f-4f7c-bba9-6add29ce2ed1,interleave.us,available,,,high,high,10,,,,
1403d0f4-bc91-4a41-b3fd-43738fd9fad9,aubange.us,available,,,high,high,7,,,,
bf0e1c5e-2a10-4b97-8171-32c90fe0ca0b,genoese.us,available,5.49,7.99,high,low,7,namesilo,,,18/08/2026 21:48
bccc56d3-a355-4c5b-aa3d-926292509c8b,perspex.us,available,,,high,high,7,,,,
5c7eead5-a049-4542-bcce-d6ff1e5b7156,faithfully.us,resell,,,high,low,10,"Spaceship, Inc.",01/04/2026 18:27,01/04/2027 18:27,26/09/2026 06:00
bae3c228-96b6-45a1-afc3-682611b14715,twofold.us,resell,,,high,low,7,Dynadot Inc,02/01/2026 00:00,02/01/2027 00:00,26/09/2026 09:49
17758b45-cd73-4173-8dbc-5a1350f2a957,abjadic.us,available,,,medium,low,7,,,,
faa3e0b1-63e2-40ae-a713-47d6254797e7,burger.us,resell,,,high,low,6,UdomainName.com LLC,18/07/2026 00:00,18/07/2027 00:00,26/09/2026 04:40
2f4afa71-0d32-4cf7-9e31-3e8cb1a49c37,shotmaking.us,available,,,high,low,10,,,,
14e1d3a9-b2f9-4ea9-a107-b7a3c4fcca64,seductiveness.us,available,,,high,high,13,,,,
7ceacc6d-4d69-4b8a-9533-3e724aac4e43,vasemaking.us,available,,,high,low,10,,,,
20a0be24-43f1-49dd-a983-24fa0cbbb532,surgeon.us,resell,,,high,low,7,"GoDaddy.com, LLC",24/04/2002 14:04,23/04/2027 23:59,26/09/2026 09:26
da96e4b6-fff0-4473-bfa9-5da18d16f75c,commencer.us,available,,,high,high,9,,,,
9ae898bb-1a78-47ae-9e63-674be6e7633c,forges.us,resell,,,high,medium,6,Dominet (HK) Limited,27/04/2026 23:07,27/04/2027 23:07,26/09/2026 06:12
07ad854a-c70c-4385-abf6-7fbad360d3d3,topsoil.us,resell,,,high,high,7,Epik LLC,22/11/2013 19:38,21/11/2026 23:59,26/09/2026 09:41
6e3c6406-5294-470d-b4ea-7c21ab23daf7,careening.us,available,,,high,high,9,,,,
b92fd18b-3d2d-4774-8d52-51cc9c4a3652,zoologist.us,available,5.49,7.99,high,low,9,namesilo,,,19/09/2026 08:43
9b29c96c-9610-44c9-b281-f23c0a8485bf,honey.us,resell,,,high,medium,5,"GoDaddy.com, LLC",24/04/2002 14:24,23/04/2027 23:59,26/09/2026 06:43
ec2069ef-b58e-4aaa-ab6b-912bbbbd9aec,switchman.us,available,,,high,high,9,,,,
1a13f6e7-b12d-411d-9faa-61681fb1bf69,discourse.us,resell,,,high,low,9,Dynadot Inc,22/08/2019 17:45,22/08/2028 17:45,26/09/2026 05:35
a5338427-1d64-4e25-af6c-68edaec9a438,sydneyan.us,available,,,high,high,8,,,,
48e4a3de-da7f-445c-ac62-3a40b2138d98,untrustworthy.us,available,,,medium,low,13,,,,
f4169031-b4ed-45a0-8495-56950d603661,nonagenarian.us,available,,,high,high,12,,,,
7f052485-f583-461b-8174-bad5419459fd,idealogue.us,available,,,high,high,9,,,,
1c307872-2d2c-45df-ad44-8ed4347a4991,beautification.us,resell,,,high,high,14,"GoDaddy.com, LLC",04/08/2002 14:39,03/08/2027 23:59,26/09/2026 04:19
9cc6077d-d186-4706-9238-955b89661af0,airbrush.us,resell,,,high,low,8,Dynadot Inc,26/06/2018 00:26,26/06/2027 00:26,26/09/2026 01:27
c2d7f461-e372-4e95-9155-6918a2413c3a,satyrical.us,available,5.49,7.99,medium,low,9,namesilo,,,09/09/2026 21:57
66064118-e247-4f61-814c-f24a0e85e752,decoherence.us,available,,,high,low,11,,,,
2f7ff003-4ac0-4f6b-a10e-020bd825e02c,syncarpous.us,available,5.49,7.99,medium,low,10,namesilo,,,11/09/2026 06:11
77245e7c-efbc-4492-9919-08c0fed9c3b5,chairwomen.us,available,,,medium,low,10,,,,
1f189441-6741-4977-86cb-e7a9e10b54b6,penetrant.us,available,,,high,high,9,,,,
1b6327d3-5fc5-4de8-bb0a-cc8216b9b33f,ingenuously.us,available,,,high,high,11,,,,
b0536b16-f810-48df-bff8-f90d63c9dfbe,schoolroom.us,available,,,high,medium,10,,,,
ca336061-c39e-4d45-a324-42b3efd11a02,persistence.us,resell,,,high,low,11,"GoDaddy.com, LLC",24/07/2002 16:48,23/07/2027 23:59,26/09/2026 08:07
191b8ee3-d844-489f-a095-9dde2040473a,likened.us,available,,,medium,low,7,,,,
7bdf8aab-733e-4065-90b2-8708b7da10ee,emmenthaler.us,available,,,high,high,11,,,,
e8d93c29-e480-4c75-9ad8-7672bb2ed40a,unhelpful.us,available,5.49,7.99,medium,low,9,namesilo,,,12/09/2026 12:26
3568b59a-8790-4f84-9ef3-855c6b9d6840,choirboy.us,available,,,high,high,8,,,,
8a980b9b-9e2f-4d0d-88da-6fb4a3c49e6e,deadpanned.us,available,,,medium,low,10,,,,
6dda3e8d-091c-4a79-a5f2-8405c8b573bc,usages.us,available,,,medium,low,6,,,,
137280c4-cc1a-439d-813c-13017e621d64,unselected.us,available,5.98,10.98,medium,low,10,namecheap,,,12/09/2026 19:14
0f278169-7d22-448c-97c0-d6ca88457714,waterworker.us,available,,,high,high,11,,,,
e30d8226-2813-4091-8e69-403aba710481,stilled.us,available,,,medium,low,7,,,,
672bb34a-297c-4964-9431-6354aeb2b2e2,topsetting.us,available,,,medium,low,10,,,,
955ad1d3-54d4-48b3-99f1-e05c2c2b19e9,unfretted.us,available,5.49,7.99,medium,low,9,namesilo,,,12/09/2026 10:45
8f80de21-ef4e-4414-95ba-be9075854665,brumo.us,available,5.49,7.99,medium,low,7,namesilo,,,11/08/2026 06:49
0e841e17-a2f8-456c-a92e-1ecef35cf7db,strumpet.us,available,5.49,7.99,high,low,8,namesilo,,,17/09/2026 10:22
eb117592-3501-4ed5-bad2-5e178177c49c,palpebrate.us,available,5.49,7.99,medium,low,10,namesilo,,,05/09/2026 00:15
484b42b2-4609-411b-9dc4-4db6dda0061d,organismically.us,available,,,high,high,14,,,,
0b30afde-bce1-4ab8-bbdf-6f5c033eb085,nonaddictive.us,available,,,high,low,12,,,,
5ab4b4bc-65e0-40e7-a3bc-c8bea4e1accb,dagger.us,resell,,,high,low,6,Dynadot Inc,26/04/2004 01:44,25/04/2027 23:59,26/09/2026 05:24
7ea31e69-8eb6-4dce-ab0f-c36375c3549f,applicant.us,resell,,,high,low,9,Dynadot6 LLC,26/06/2020 00:02,26/06/2027 00:02,26/09/2026 03:56
946f9455-00af-434e-ba7e-cef750121418,deducting.us,available,,,medium,low,9,,,,
d158e1b2-b87b-4e45-bdb5-1be7a6cf04aa,flauntingly.us,available,,,high,high,11,,,,
31655cca-9234-4fb1-a9fa-19992898d0f2,joyless.us,available,5.49,7.99,medium,low,7,namesilo,,,22/08/2026 14:04
8b959464-bc0c-4b33-a19a-038267b4ad81,nongaming.us,available,,,high,low,10,,,,
cb5682f6-c454-432b-8dc5-67ffceabe673,volatize.us,available,,,high,high,8,,,,
4373d964-45be-480c-80e7-5456c7d943c8,woeful.us,available,5.49,7.99,medium,low,6,namesilo,,,17/08/2026 16:46
889df734-131e-4f8e-a90e-aebd229b9cf0,jockeying.us,available,,,high,high,9,,,,
513fe656-4444-4721-974d-a883fd0b9813,lefts.us,available,,,medium,low,5,,,,
6764df30-9bd5-4f20-b809-b2d0c80e6c29,reducer.us,resell,,,high,high,7,Dominet (HK) Limited,28/04/2026 00:56,28/04/2027 00:56,26/09/2026 08:33
ec05094a-d6d5-42ee-aa64-4eba58159652,praises.us,resell,,,high,low,7,"GoDaddy.com, LLC",05/05/2002 15:31,04/05/2027 23:59,26/09/2026 08:17
ce75315f-3edf-4cfc-bff0-e1f89d11865a,palatal.us,available,5.49,7.99,high,low,7,namesilo,,,04/09/2026 23:18
68968997-86e3-4b64-9cff-c73eb0d7bc3a,iceboxes.us,available,,,medium,low,8,,,,
b1ad59fe-6625-4c58-9a7f-c839f4702044,dextrose.us,available,,,high,high,8,,,,
26f9aea6-96de-400c-afbf-5047e7f466d3,unshaven.us,available,5.49,7.99,medium,low,8,namesilo,,,12/09/2026 19:40
9a7504b0-86c5-4082-b45e-6e9dfeb27aab,forums.us,resell,,,high,low,6,"GoDaddy.com, LLC",24/04/2002 14:04,23/04/2027 23:59,26/09/2026 06:13
deb43789-5e40-4137-9498-37a3e76b2c59,anglomania.us,available,5.49,7.99,high,low,10,namesilo,,,19/09/2026 06:51
50abef59-d09f-4ae3-83b7-72caaea67137,barreled.us,available,5.49,7.99,medium,low,8,namesilo,,,08/08/2026 20:46
bbf4ee47-c42f-4b51-9bae-a74dfd2f4a4d,capoten.us,available,,,high,high,7,,,,
1aae0f96-d471-416e-b0d5-78f8b3986539,amniote.us,available,5.49,7.99,high,low,7,namesilo,,,18/09/2026 22:28
97330776-74a6-4679-812c-7f87e24279f5,insectivoro.us,available,,,high,high,13,,,,
d161f324-f568-46cc-854a-6923a9af9423,squash.us,resell,,,high,high,6,"GoDaddy.com, LLC",24/04/2002 16:24,23/04/2028 23:59,26/09/2026 09:14
7ef01be9-dc60-4b8c-8bd2-01d920498715,inform.us,resell,,,high,low,6,"GoDaddy.com, LLC",24/04/2002 14:04,23/04/2027 23:59,26/09/2026 06:52
14f38410-ec24-40ba-bd12-575dc9703426,teamlike.us,available,,,high,high,8,,,,
1a6b40a2-f6a3-45d1-baaf-d285ef908b09,overfilled.us,available,,,medium,low,10,,,,
d070fdd1-c4c5-41fc-a109-9fab2feebe2b,keykeeper.us,available,,,high,high,10,,,,
d556dddd-66e0-4d85-ab5d-043daf26d457,indissolubly.us,available,,,high,high,12,,,,
aedfbc36-9d2f-4135-b139-f172d68fccbe,beatified.us,available,5.49,7.99,high,low,9,namesilo,,,09/08/2026 05:53
f0f3dde3-7745-47a0-ac39-596dba99680d,speedier.us,available,,,medium,low,8,,,,
b2b67545-05c3-4081-b7de-a6feaf433453,supposition.us,available,,,high,high,11,,,,
23fb52e1-c0e2-48f2-8701-ad9672d1a1f1,upstage.us,resell,,,high,low,7,"GoDaddy.com, LLC",13/02/2020 20:10,13/02/2027 20:10,26/09/2026 09:54
2f0ee409-5517-4416-a71f-65e93c79477e,ricer.us,available,,,high,high,5,,,,
c373402c-85cd-4a5d-9505-b8274c180d14,unsuspecting.us,available,,,high,high,12,,,,
dbd4baec-fa3e-4bb5-9a6d-31039feb3a67,acinar.us,available,5.49,7.99,high,low,6,namesilo,,,
d7dd1573-5cef-4d2e-bb35-aacd745643bb,cyberage.us,resell,,,high,high,8,"Spaceship, Inc.",01/04/2026 08:56,01/04/2027 08:56,26/09/2026 05:23
9b75843e-48ae-401f-aabf-995bf8ed91dc,woodedly.us,available,,,high,high,8,,,,
ec5f8dbd-97df-45b2-aacf-c380280ef98a,abstained.us,available,,,medium,low,9,,,,
c0381ebb-6985-4b5a-a649-756b94ef8263,alternaticity.us,available,,,low,low,13,,,,
7f0b7ebd-e35c-4892-aaa2-efc0f0a2d2af,albee.us,resell,,,high,low,5,"Spaceship, Inc.",01/04/2026 12:30,01/04/2027 12:30,26/09/2026 01:28
a425e08c-1bf5-4e8d-8dd5-42c1b526baff,zettasecond.us,available,,,high,high,11,,,,
a25aa4af-f20e-42b5-a7f4-973c30cf266b,perthian.us,available,,,high,high,8,,,,
eaebba10-b33a-42c0-a5b5-ba2382bf2206,figurine.us,resell,,,high,high,8,"GoDaddy.com, LLC",27/07/2002 12:15,26/07/2027 23:59,26/09/2026 06:04
1203d014-7d64-4efd-acfb-0476eb81e248,language.us,resell,,,high,low,8,"GoDaddy.com, LLC",24/04/2002 14:02,23/04/2027 23:59,26/09/2026 07:08
07423fbd-0c7b-447b-90b6-5c0dc3cb316e,pan.us,resell,,,high,low,3,"Global Domains International, Inc. DBA DomainCostClub.com",20/04/2002 00:03,19/04/2028 23:59,26/09/2026 08:01
d1086107-873b-49bd-ba6d-8ed9818330dc,reassessment.us,available,,,high,low,12,,,,
4dc81d02-36b9-407d-856d-c896e942648c,diddle.us,resell,,,high,low,6,Dynadot Inc,11/04/2023 00:00,11/04/2027 00:00,26/09/2026 05:33
58a24482-59a8-4def-9c58-fb507d90db66,ruminating.us,available,,,high,high,10,,,,
7e63890f-3653-4e21-813f-c5bd4bf0fe39,gosewehr.us,available,,,high,high,8,,,,
587e7189-ac6c-4afa-b70c-04d41762b13d,attacks.us,resell,,,medium,low,7,,,,27/09/2026 02:47
279ad104-03dc-49db-ab95-0be73594e72b,businesswoman.us,available,,,high,high,13,,,,
402283ce-f18d-4bf0-a5aa-2afeff5efffc,worships.us,available,,,high,low,8,,,,
3f2d6d8a-13dc-4f14-89ee-76ceed428aa7,superbright.us,resell,,,high,high,11,Dominet (HK) Limited,29/04/2026 05:38,29/04/2027 05:38,26/09/2026 09:25
d5ae73a9-8275-401c-9219-6bf3d0a666ac,socioeconomic.us,available,5.49,7.99,high,high,14,namesilo,,,16/09/2026 12:07
83ce75cc-6403-4111-9d51-26c6c38196af,motorphone.us,available,,,low,low,10,,,,
f626da25-ad3b-48ef-b52b-36b7c7004e07,adverts.us,resell,,,high,medium,7,"GoDaddy.com, LLC",10/07/2018 00:13,10/07/2027 00:13,26/09/2026 01:24
e323ae81-a55b-4133-928a-d7bdea0bc0c3,nephews.us,available,,,high,low,7,,,,
4ad87b37-60e1-4169-9906-1913753c94e4,hindustani.us,available,5.49,7.99,high,low,10,namesilo,,,21/08/2026 09:35
20124e22-b653-4dbb-a217-228bdcb618a4,saxophonelike.us,available,,,high,high,13,,,,
6be8de40-bd29-4d53-bd00-677deee76df8,wee.us,resell,,,high,low,3,"NameCheap, Inc.",25/05/2004 20:06,24/05/2027 23:59,26/09/2026 10:06
f8c39d11-d012-496c-9f3e-eedf1bb385ba,thongs.us,resell,,,medium,low,6,Dynadot Inc,24/04/2002 14:02,23/04/2027 23:59,26/09/2026 09:36
54d57e82-1d39-4528-b5a6-2c152226888a,untheatrical.us,available,,,high,high,12,,,,
a02c3c97-86c9-4ecf-bd5a-3ba9194ec5bd,emsland.us,available,,,high,high,7,,,,
98af8aee-f2fd-49bd-b95e-931901bdf4f0,chitosan.us,resell,,,high,high,8,Dominet (HK) Limited,27/04/2026 17:49,27/04/2027 17:49,26/09/2026 04:55
f338e9e1-304a-46ff-81e0-f6a7332ab60f,emboldened.us,available,5.98,10.98,high,low,10,namecheap,,,16/08/2026 10:22
00f9f075-a133-4400-9db5-a5106443e287,maledict.us,available,,,medium,low,8,,,,
70903154-8772-4120-9545-5430a47b349c,ionised.us,available,5.49,7.99,high,low,7,namesilo,,,22/08/2026 09:33
25d624d1-0dd6-4186-a4d7-b09ec95b95fb,antihypertensive.us,available,,,high,high,16,,,,
e1929279-89e8-4be4-af72-dc6e89b757cf,indicational.us,available,,,high,low,12,,,,
81d2c841-4880-4927-91be-412d46a808a3,nee.us,resell,,,high,low,3,"GoDaddy.com, LLC",11/07/2018 00:12,11/07/2027 00:12,26/09/2026 07:44
e904918a-9227-4dd5-8745-14fa72f65eef,inharmonic.us,available,5.49,7.99,medium,low,10,namesilo,,,14/08/2026 10:54
ef8016ca-44b3-4d7f-b0fb-868b918db596,paralytic.us,available,5.49,7.99,high,low,9,namesilo,,,08/09/2026 00:57
8bd48a27-e5ff-4a7d-96c7-8dec55ae5e31,rocklike.us,available,5.49,7.99,high,low,8,namesilo,,,20/08/2026 18:00
b0e794df-ec2b-42a8-ac19-1a5e5b3d3e4b,bobbsey.us,available,,,high,high,7,,,,
3d5c029a-9766-44af-91d2-0756dae33b06,evening.us,resell,,,high,low,7,Dynadot Inc,24/04/2002 15:15,23/04/2027 23:59,26/09/2026 05:54
e9e19135-5388-4acd-a29e-b535e3a7a4cb,needleleaf.us,available,,,high,high,10,,,,
dde44ccf-458d-4039-a0a1-50ab707f090a,swanlike.us,available,,,high,high,9,,,,
e36c4609-1531-4a38-bac5-aaafd158c2b0,sprightliness.us,available,,,high,low,13,,,,
f308af75-0422-430c-b379-d1594fea2858,larghetto.us,available,5.98,10.98,high,low,9,namecheap,,,22/08/2026 19:57
f5ad80a3-c28e-4aee-a4d1-811d39b89431,colourimetre.us,available,,,high,high,12,,,,
0869bd0f-f75f-4532-b9a6-a3ab3658bc85,decidable.us,available,,,high,high,9,,,,
0b8c2083-6d40-4fb8-a2fb-544136dafb3d,tallowwood.us,available,,,high,high,11,,,,
a30db42e-7276-48a2-8bc9-9a27cdb2f14e,expatriates.us,resell,,,high,low,11,Dominet (HK) Limited,29/04/2026 04:01,29/04/2027 04:01,26/09/2026 05:57
b4901026-7047-4408-a023-d1b7a27ba00a,jiddah.us,available,,,high,high,6,,,,
96aab69b-7fbb-4bf4-ae69-4845e1dd8484,wistfulness.us,available,,,high,low,11,,,,
ccd103bd-b14c-4bc0-bd5d-5aeff5b2a313,ironwort.us,available,,,high,high,8,,,,
c92fa1c1-8ecb-419e-ba87-2abb162ddb02,ohmic.us,resell,,,high,low,5,"Spaceship, Inc.",02/04/2026 03:13,02/04/2027 03:13,26/09/2026 07:52
17c4c99b-a17d-4c1d-ad1d-341478c25b37,perpetual.us,resell,,,high,low,9,Dynadot Inc,03/03/2005 17:08,02/03/2027 23:59,26/09/2026 08:06
941ef964-9d61-4246-9192-f6f6ea4a50ec,ringed.us,available,5.49,7.99,high,low,6,namesilo,,,
3c91a21d-d3dd-4063-a3ba-1537f2fc0a4c,fixer.us,resell,,,high,high,5,"GoDaddy.com, LLC",02/05/2002 16:24,01/05/2027 23:59,26/09/2026 06:07
784ae88f-4d39-4d96-be19-e9e2b92b1270,absorber.us,available,5.98,10.98,high,low,8,namecheap,,,16/09/2026 18:17
0a8a8169-a158-49cc-ab2e-5e668580f92c,roti.us,resell,,,high,medium,4,Dynadot Inc,14/06/2020 15:39,14/06/2027 15:39,26/09/2026 08:44
296c40fd-a9bb-4a4f-adbb-a600373c353b,generousness.us,available,,,high,low,12,,,,
29668cab-3c7c-44a6-bf5e-dc96f96d8581,prioritize.us,resell,,,high,low,10,"GoDaddy.com, LLC",25/06/2006 19:31,24/06/2029 23:59,26/09/2026 08:20
2bda108d-517a-4cfd-8ac6-cd84908c14a2,muhammad.us,resell,,,high,high,8,"GoDaddy.com, LLC",24/04/2002 14:07,23/04/2027 23:59,26/09/2026 07:40
3c33825c-e92b-4693-a3b4-91c50c070f0f,metalloid.us,available,5.49,7.99,medium,low,9,namesilo,,,24/08/2026 21:37
53359be0-c3ba-4a25-8b88-6d9f148e1ed7,thievery.us,available,5.49,7.99,medium,low,8,namesilo,,,11/09/2026 13:20
8f9f2b9e-18ec-42f0-a6eb-be4c5f48b04c,bodybuilders.us,resell,,,medium,low,12,"GoDaddy.com, LLC",02/06/2004 06:01,01/06/2027 23:59,26/09/2026 04:31
dc0d98ca-69ed-4fb0-baaf-be06267b1dd6,beldam.us,available,5.49,7.99,medium,low,6,namesilo,,,23/09/2026 04:45
a8e7dc82-fba3-4b30-8f15-a6da78550915,athanasius.us,resell,,,medium,low,10,Dynadot Inc,24/06/2004 09:12,23/06/2027 23:59,26/09/2026 04:06
4200f1bb-00c5-430a-a618-0f702e8d4f36,albuterol.us,available,5.49,7.99,high,low,9,namesilo,,,18/09/2026 03:32
6d572767-87c1-4755-a402-c3d090d237fc,regulatory.us,resell,,,high,low,10,Dynadot Inc,12/09/2020 01:30,12/09/2027 01:30,26/09/2026 08:34
8992dc70-ba14-4caf-87f6-d1cbf44fd265,forthgo.us,available,,,high,low,7,,,,
a5b459e6-15d1-4469-b8e9-4b94b7efbc8d,retouching.us,resell,,,high,high,10,"GoDaddy.com, LLC",15/09/2006 05:27,14/09/2027 23:59,26/09/2026 08:39
38d83e46-450b-41d4-941c-fad4ad051280,praise.us,resell,,,high,low,6,"GoDaddy.com, LLC",29/08/2022 00:00,29/08/2027 00:00,26/09/2026 08:17
d62feab5-1fa6-4aa0-ad55-53b6024f9986,bendable.us,available,,,medium,low,8,,,,
23f51243-35ef-4985-8285-54a7053b433b,aids.us,resell,,,high,low,4,"GoDaddy.com, LLC",24/04/2002 14:00,23/04/2027 23:59,26/09/2026 01:27
6b7ed6ed-a9bd-4a7c-8ad9-a7c813d60271,seekers.us,resell,,,high,low,7,"Spaceship, Inc.",27/04/2020 00:06,27/04/2027 00:06,26/09/2026 08:54
e8352847-bbb0-45de-bf1f-d41ab5beffb8,prompter.us,resell,,,high,low,8,GrepApps Technology Inc.,12/01/2026 00:00,12/01/2027 00:00,26/09/2026 08:22
b7babf65-f3ae-4787-917e-d3c6cd489213,capable.us,resell,,,high,low,7,"NameCheap, Inc.",16/12/2010 22:47,15/12/2026 23:59,26/09/2026 04:47
9d967034-8c5d-4492-bd06-ec00cc826506,sensualism.us,available,,,high,high,10,,,,
ac197bbc-722a-4417-ad44-33082ddc27ff,beamish.us,available,5.49,7.99,medium,low,7,namesilo,,,09/08/2026 04:08
61102c0e-e894-4710-9509-78ed929eb33c,ingestible.us,available,,,high,high,10,,,,
802d4002-0d9d-41a3-9264-bf7b80bd52b2,degraded.us,available,7.99,18.99,medium,low,8,name.com,,,13/08/2026 20:17
650234fd-7273-4971-90bf-e6dafefa2ab7,shapeless.us,resell,,,high,low,9,Dominet (HK) Limited,27/04/2026 20:29,27/04/2027 20:29,26/09/2026 08:57
dd7e5d95-563a-41e2-b552-b32ad4aad201,taboo.us,resell,,,high,low,5,"GoDaddy.com, LLC",23/05/2016 18:02,22/05/2027 23:59,26/09/2026 09:29
07357979-437d-448d-9aed-930c92807994,disentangling.us,available,,,high,high,13,,,,
2758ab88-c5e3-44f4-ad58-155bedc86d65,adaptations.us,available,,,high,low,11,,,,
e7a420a1-99c1-4dbf-a709-33aad93ffcf4,knitters.us,available,,,medium,low,8,,,,
182f1f01-1a37-4f07-9122-4ae12952a93b,policewoman.us,available,,,high,low,11,,,,
e37e573f-a9f9-49fc-824e-bab21375431b,chills.us,resell,,,high,medium,6,"GoDaddy.com, LLC",27/05/2011 12:13,26/05/2027 23:59,26/09/2026 04:55
1e3cb4bc-f30b-4b91-8848-435eb1147569,venetian.us,resell,,,high,low,8,"GoDaddy.com, LLC",25/07/2015 05:33,24/07/2027 23:59,26/09/2026 09:57
d8050d09-de8c-4f13-bc64-f0294816ccb0,acrosswise.us,available,,,high,high,10,,,,
7c221cfa-70c3-4450-ae9b-c8f4d99b6fb6,mystically.us,available,5.49,7.99,medium,low,10,namesilo,,,15/09/2026 15:58
be9acb3c-d6cc-415c-aada-4d07cdaf8dfa,amarelle.us,available,5.49,7.99,high,low,8,namesilo,,,18/09/2026 15:55
9fdd15b0-4af0-456e-8dbb-de174a0e3330,farms.us,resell,,,high,low,5,"GoDaddy.com, LLC",24/04/2002 14:05,23/04/2027 23:59,26/09/2026 06:01
5c71c964-8c2b-4e74-9834-1c0031c3f7ff,bailor.us,available,5.98,10.98,medium,low,6,namecheap,,,21/09/2026 19:14
b025c517-7653-4232-979e-6b8044589dee,recognise.us,resell,,,high,high,9,"Spaceship, Inc.",06/06/2026 18:55,06/06/2027 18:55,26/09/2026 08:32
75cffc0b-af38-449b-a01c-3284d3f85158,fumarate.us,available,,,high,high,8,,,,
681ca137-4e25-45bc-bcbb-fc6902d2900a,madonnahood.us,available,,,medium,low,11,,,,
4b971d78-dfb7-4819-8613-4efcf0e31bdb,snowsuit.us,available,,,high,high,8,,,,
8818d747-ef6d-46d5-9ec2-d384c091dc20,methodological.us,available,,,high,high,14,,,,
0b9f750a-d7bc-495b-b1a2-25f0efd84cce,healthier.us,resell,,,high,low,9,"GoDaddy.com, LLC",17/06/2004 18:33,16/06/2027 23:59,26/09/2026 06:36
d2c2f663-6320-4b97-bcef-7189a4a7a54d,pompey.us,available,,,high,high,6,,,,
38cf0738-bd9b-4ee1-8937-7043323e1698,borrow.us,resell,,,high,low,6,"GoDaddy.com, LLC",24/04/2002 15:29,23/04/2027 23:59,26/09/2026 04:33
cc929f64-b488-4115-8c9a-5e8286a3af00,pocketed.us,available,,,high,low,8,,,,
be055de7-01f7-4277-861d-06b75fda92d8,adman.us,resell,,,high,low,5,Dynadot Inc,18/06/2021 01:55,18/06/2027 01:55,26/09/2026 01:23
fd156e44-eb1f-4ed3-a0bc-00ba4b0bb3b4,strait.us,resell,,,medium,low,6,Dynadot Inc,22/05/2022 00:00,22/05/2027 00:00,26/09/2026 09:20
25cf8a76-bb7e-482f-bb3f-91bc958f181e,configured.us,resell,,,high,low,10,"Spaceship, Inc.",02/04/2026 23:39,02/04/2027 23:39,26/09/2026 05:11
b324896b-899c-4c57-865e-32fc28afbe4d,nightspot.us,available,,,high,high,9,,,,
1f23414a-20b2-414f-bddc-e3e15d8205f7,waterbeds.us,resell,,,medium,low,9,"GoDaddy.com, LLC",24/04/2002 14:25,23/04/2027 23:59,26/09/2026 10:05
6c2bdd06-d6ce-451a-ae22-6724da1bf424,reoccurrence.us,available,,,high,high,12,,,,
c3966bef-35da-4efd-bd02-1e1ae66b02b1,beneficial.us,resell,,,high,low,10,"GoDaddy.com, LLC",24/04/2002 14:27,23/04/2027 23:59,26/09/2026 04:22
6cd63f02-f7b2-4ea8-a666-98a212c02fee,whitkirk.us,available,,,high,high,8,,,,
b369b55e-e15d-40df-9d28-01c471e9810f,herbalist.us,resell,,,high,high,9,"Spaceship, Inc.",11/07/2023 00:00,11/07/2027 00:00,26/09/2026 06:38
b0d66ace-3d4a-481b-95b7-cf89496aaf41,rightish.us,available,5.49,7.99,medium,low,8,namesilo,,,09/09/2026 17:35
b44d8e7f-3fa4-4bfd-9362-381a7b85f064,montanan.us,available,,,high,high,8,,,,
bce4d395-8b85-4fc7-8871-07b2dd93eecd,preeminence.us,available,,,high,high,11,,,,
f4b35330-597f-415a-80bd-ed3793654584,keeshonds.us,available,,,medium,low,9,,,,
22668ed4-b1f6-4fbb-b654-ece85b9d91d1,flop.us,resell,,,high,low,4,Dynadot Inc,10/08/2021 00:00,10/08/2027 00:00,26/09/2026 06:08
ee166b8c-b9bf-4a1e-88d0-b35b475bca28,brazil.us,resell,,,high,high,6,"GoDaddy.com, LLC",10/07/2015 18:00,09/07/2027 23:59,26/09/2026 04:36
2a78a61b-ffb9-4e54-a458-9f0877aac2c7,modestly.us,available,5.49,7.99,high,low,8,namesilo,,,15/09/2026 15:13
9ca7ea0d-f2af-480e-9f63-299d5ad871a8,porcine.us,available,5.49,7.99,medium,low,7,namesilo,,,21/08/2026 10:21
79f5e653-1363-44e5-aa5b-5ede90dca578,astrakhan.us,available,5.49,7.99,medium,low,9,namesilo,,,20/09/2026 17:31
68ced41a-85d8-411e-8426-12faa16ea6d9,shampooing.us,available,,,high,high,10,,,,
e615b7a9-b0c4-4dc6-9e74-f3ed8875081b,rehabs.us,resell,,,medium,low,6,"GoDaddy.com, LLC",21/12/2004 19:11,20/12/2026 23:59,26/09/2026 08:34
a28345f3-2b32-44a9-b8ab-d6579dbef895,lasting.us,resell,,,high,low,7,"GoDaddy.com, LLC",16/08/2002 22:04,15/08/2027 23:59,26/09/2026 07:08
32982414-dbe4-4234-b4e7-c43897033e59,bovid.us,available,5.49,7.99,high,medium,5,namesilo,,,10/08/2026 22:56
e00bbb60-adb0-4025-83d2-da98d51cb1c6,autopsy.us,resell,,,high,low,7,Dynadot Inc,14/04/2026 00:00,14/04/2027 00:00,26/09/2026 04:10
6eca4fd2-0d41-4cbd-9553-b1cbef508817,wardriver.us,available,,,medium,low,10,,,,
ef3b7d7d-d029-436f-8224-68b2408b0dba,risked.us,available,,,medium,low,6,,,,
ce822e85-b5c8-4623-b85a-7c9e8c8a25ed,thing.us,resell,,,high,low,5,"GoDaddy.com, LLC",29/06/2022 00:00,29/06/2027 00:00,26/09/2026 09:36
6fc25d78-b8a7-4287-b6cd-0da2f98d9082,shirley.us,resell,,,high,low,7,InternetX GmbH,03/06/2004 12:05,02/06/2027 23:59,26/09/2026 08:59
a95d5776-bc72-4f5d-87a2-87a035357fdc,kingcraft.us,resell,,,high,high,9,"Spaceship, Inc.",06/06/2026 19:06,06/06/2027 19:06,26/09/2026 07:05
f614f8fa-c08c-4ede-b963-3a556f264db0,landfilled.us,available,,,medium,low,10,,,,
8cdd838a-b188-4961-95d9-c7f608855775,gamekeepers.us,available,,,high,low,11,,,,
9535df62-8d9a-4562-90cb-579b139acc86,downshift.us,resell,,,high,high,9,"Spaceship, Inc.",01/04/2026 10:27,01/04/2027 10:27,26/09/2026 05:40
3ad190b1-c04a-4ef3-9994-655a5de0afe5,declaim.us,available,,,high,high,7,,,,
2a425f3c-2534-4ba3-aa7b-0ac1741f9797,overstep.us,available,5.49,7.99,high,low,8,namesilo,,,11/09/2026 17:25
16b017ae-3bd0-4a77-90ce-9d957f746d73,cordiality.us,available,5.98,10.98,high,low,10,namecheap,,,18/09/2026 21:58
7b8a2cf2-a10f-4d2c-af2e-6b5dd5d76e78,managership.us,available,,,high,low,11,,,,
73aae9a6-4629-446e-a3af-2e573098c235,typographic.us,resell,,,high,low,11,Dominet (HK) Limited,29/04/2026 02:57,29/04/2027 02:57,26/09/2026 09:49
026f73e8-9758-4757-8e5a-aee703310431,beachballs.us,available,,,medium,low,10,,,,
28fe8867-8e83-4b89-a5c4-3b4d39780952,excision.us,available,5.49,7.99,high,low,8,namesilo,,,16/09/2026 16:06
37008267-52ac-43aa-a67f-0f9e14a20a7f,digoxin.us,available,,,high,high,7,,,,
bf42ce6b-da99-4e73-ae77-e05c472bd00d,december.us,resell,,,high,low,8,"GoDaddy.com, LLC",09/07/2012 18:03,08/07/2027 23:59,26/09/2026 05:27
38c93cfc-3e76-44af-a1ee-2b42bd692aa4,king.us,resell,,,high,medium,4,"GoDaddy.com, LLC",24/04/2002 14:05,23/04/2027 23:59,26/09/2026 07:05
a53e23f8-4199-4116-a0d1-126fa6b2c0d2,semitone.us,available,,,high,high,8,,,,
530ac291-dc49-41e0-b1c0-9dbbd4e3267c,biweekly.us,available,5.49,7.99,high,low,8,namesilo,,,10/08/2026 09:30
5773c723-fdea-4173-ab90-1d3398ab629e,factually.us,available,5.49,7.99,high,low,9,namesilo,,,14/09/2026 17:27
eacf1a73-b63d-4bad-af14-77ba8a922b93,scrawl.us,available,,,high,high,6,,,,
62ce07b6-ce06-40c3-a238-4c571f519691,penetrator.us,available,,,high,high,10,,,,
a13fc1e4-729d-4733-8e0b-ab220f65c9b9,fundamentals.us,resell,,,high,low,12,Dynadot Inc,23/04/2022 00:00,23/04/2027 00:00,26/09/2026 06:17
5ac48a30-c0a4-4346-b559-4d4aa53923c5,undertows.us,available,,,medium,low,9,,,,
5ff34dce-9f3a-43a1-8995-a67e4dbbc8fe,contemplatives.us,available,,,medium,low,14,,,,
aee3b13c-66a5-4b50-81aa-41abb76eda19,eroticize.us,available,,,high,high,9,,,,
8ed4f7dc-4b4c-47b9-8a15-9d1df6e9fb26,technopolises.us,available,,,medium,low,13,,,,
c4b89611-e727-4863-8436-8e65ef67c481,gaiety.us,available,,,high,high,6,,,,
c7cd1e66-5e00-49a2-84bd-273afc9453a1,brightens.us,available,,,high,low,9,,,,
9aba2981-7adb-44dc-8d71-b93e37b6cbc8,goldmark.us,resell,,,high,high,8,"Sav.com, LLC - 7",25/04/2026 00:07,25/04/2027 00:07,26/09/2026 06:26
2f48974a-1b3e-440a-9e81-c5c17d491e49,whiteadder.us,available,,,high,high,10,,,,
9e967823-5da4-4ba3-967f-c468abe52d56,righto.us,available,,,high,high,6,,,,
31fccc86-e767-45bf-8b71-7d28f89867f6,luftgeschaeft.us,available,,,high,high,13,,,,
eca39e15-7c09-46ca-b54f-65e413313ba0,megabits.us,available,,,high,low,8,,,,
d6a3f3cb-2ff0-4adb-ab6c-c7efa4ba147c,belgrade.us,resell,,,high,low,8,"Spaceship, Inc.",08/12/2022 00:00,08/12/2026 00:00,26/09/2026 04:21
18564750-7c01-413a-a486-dc2b37c33eab,tortrix.us,available,5.49,7.99,high,low,7,namesilo,,,20/09/2026 05:04
650f957b-75e1-4e4a-b7f5-9ff9e6220097,conferring.us,available,,,high,high,10,,,,
1b76fe9e-530a-477c-b369-493cd26c996c,dripline.us,available,,,high,high,8,,,,
87e5946c-cead-4ed3-ae65-0298189ef0d0,smoldering.us,available,5.49,7.99,high,low,10,namesilo,,,10/09/2026 12:01
229a1059-865d-4adf-9f6d-9de5a954148f,rasp.us,resell,,,high,low,4,"Spaceship, Inc.",06/07/2025 00:00,06/07/2027 00:00,26/09/2026 08:30
64732312-16f7-4647-879b-1cd479b0399d,shona.us,resell,,,high,medium,5,"Spaceship, Inc.",01/04/2026 12:50,01/04/2027 12:50,26/09/2026 08:59
345e939a-074b-459d-9a32-54dd737b969d,swarthy.us,resell,,,high,low,7,Sav.com LLC,10/02/2022 22:44,10/02/2027 22:44,26/09/2026 09:27
5e4ef064-cc9e-4e72-a41e-d9db33e4b5f1,windscreens.us,available,,,high,low,11,,,,
f5c0ad6a-ae27-4365-a981-e33ca4b24cdd,eyeshade.us,available,,,high,high,8,,,,
eb7451d0-8c62-4896-922e-177655d242f0,grangemouth.us,available,,,high,high,11,,,,
046434bb-fdbe-4010-99c8-f93514cf9c1e,cashable.us,available,5.98,10.98,high,low,8,namecheap,,,11/08/2026 20:12
bd233cb5-3329-42d5-b0b9-bc2072b45581,weakener.us,available,,,high,high,8,,,,
cd93cee0-0b25-4937-a84d-180c54a30233,atomization.us,available,,,high,high,11,,,,
3a06c281-82fa-4a7c-b4ed-afc4e6f8b242,pyrheliometry.us,available,,,medium,low,13,,,,
64399890-8892-425b-a2ef-0b30f8fa8ad2,weywot.us,available,,,high,high,6,,,,
890263ec-d60c-41eb-a3e9-f08aaf59a4da,dinar.us,resell,,,high,low,5,Dynadot Inc,25/01/2020 09:00,25/01/2028 09:00,26/09/2026 05:34
eef2660c-7ec6-4ee9-b2de-4d29c6b40de9,emboldening.us,available,,,high,high,11,,,,
a803b7b1-3120-4bcf-878a-797906b25f8d,fon.us,resell,,,high,high,3,Epik LLC,22/07/2019 00:02,22/07/2027 00:02,26/09/2026 06:11
bff33b95-fccf-4955-a80b-223c3548533a,expressionist.us,available,,,high,high,13,,,,
f797368d-a3b8-4304-b416-56c3d2e336aa,ballooned.us,available,,,medium,low,9,,,,
4d4e868c-5938-4f3a-bea2-8cf0a5c97a10,arancini.us,resell,,,high,high,8,Dominet (HK) Limited,28/04/2026 10:53,28/04/2027 10:53,26/09/2026 03:58
b987bf36-a755-4495-89a7-d507ef0bc8e2,nemoro.us,available,,,high,high,8,,,,
4039ba29-ac5e-425d-98ad-2c40ffae4367,coastward.us,available,5.49,7.99,high,low,9,namesilo,,,14/09/2026 07:23
2fcd002f-46c3-4eef-8b07-665a31bc52e1,dairy.us,resell,,,high,low,5,"eNom, LLC",24/04/2002 14:02,23/04/2027 23:59,26/09/2026 05:24
2f0f86cf-f2fd-4d92-8770-e9ba4e8f7029,sorrel.us,resell,,,high,low,6,"Spaceship, Inc.",01/04/2026 12:33,01/04/2027 12:33,26/09/2026 09:09
d75dbd32-4e47-45e8-8592-de224c5d2696,absurdly.us,available,5.49,7.99,medium,low,8,namesilo,,,13/09/2026 16:46
da94e60f-a7e1-4624-9105-b092a37f7c43,pogge.us,available,5.98,10.98,high,low,5,namecheap,,,17/09/2026 19:01
cdf5824b-57a5-40a3-b67f-ad7a446124ea,ingenuous.us,available,5.49,7.99,medium,low,9,namesilo,,,06/08/2026 23:41
313c0b3d-5317-4204-9066-39272a0541cc,sacral.us,resell,,,high,medium,6,"Spaceship, Inc.",02/04/2026 21:39,02/04/2027 21:39,26/09/2026 08:46
86e6a52b-1504-4828-a7cd-554f1be67cd8,phrase.us,resell,,,high,low,6,Dynadot Inc,06/04/2020 00:01,06/04/2027 00:01,26/09/2026 08:08
4c2226c2-678e-46d9-b713-b08a77389a59,reheatable.us,available,,,high,high,10,,,,
22e5f372-0fa5-46a0-91a3-7af15670b050,shorewards.us,available,,,medium,low,10,,,,
5d30f5bb-5d17-495e-a4a0-6bebac43887e,utilizer.us,available,,,high,high,8,,,,
2d56be99-8460-44dd-bcd8-03d60cffb064,stephenie.us,available,,,high,high,9,,,,
4102e181-64f5-4025-b041-1fdb53a4a425,lauretta.us,resell,,,high,high,8,Dominet (HK) Limited,29/04/2026 04:49,29/04/2027 04:49,26/09/2026 07:09
9ff9f27d-0757-4dcf-9c68-75da4f5f3ce4,pernicious.us,available,5.49,7.99,medium,low,10,namesilo,,,08/08/2026 12:01
cdb2fb67-5ab4-436f-aeac-293f18bca46e,lamasery.us,available,,,high,high,8,,,,
22240700-2b19-4788-bcc7-ee0c5518d36d,meatgrinder.us,available,,,high,high,11,,,,
481d4313-58c3-49ad-90d1-398b46877e33,roseate.us,available,5.49,7.99,high,medium,7,namesilo,,,09/09/2026 18:40
7c3bca0c-6627-432e-a759-1791ae1832ef,unencumbered.us,available,,,high,high,12,,,,
7acd6b9c-46f3-4db2-9c81-24b4b45b60cd,ellesborough.us,available,,,high,high,12,,,,
a4d957eb-2829-4edf-bd81-116980354ce2,ballotation.us,available,,,high,low,11,,,,
aec664e2-2913-4f14-82a0-accd6062b8e2,sedentary.us,available,5.49,7.99,high,low,9,namesilo,,,10/09/2026 01:36
418b1e58-c9c0-405d-b3f5-e3031b99149c,tantric.us,resell,,,high,low,7,"GoDaddy.com, LLC",25/09/2017 09:55,24/09/2027 23:59,26/09/2026 09:30
87cbf958-13bc-4b60-a144-04642de525b0,reascension.us,available,,,high,low,11,,,,
94c0e5ce-76e7-4061-be87-b150c2a74b32,ungummed.us,available,5.49,7.99,medium,low,8,namesilo,,,12/09/2026 11:43
c382cab7-443b-4120-9570-35f140c8e633,loathing.us,resell,,,high,low,8,IONOS SE,16/03/2005 20:10,15/03/2027 23:59,26/09/2026 07:17
6341f8f3-b34d-4e53-8d1f-3b13ccc0165e,echoes.us,resell,,,high,low,6,"GoDaddy.com, LLC",06/04/2012 05:27,05/04/2027 23:59,26/09/2026 05:45
7e145aa5-335e-465c-8bfb-069a6657975d,cybercaster.us,available,,,high,high,11,,,,
58f767e5-6f1e-4364-9859-5133e406979b,tenasserim.us,available,,,high,high,10,,,,
c808d2f8-9787-484d-97ba-20e5a8a427fd,undulate.us,available,5.49,7.99,high,low,8,namesilo,,,12/09/2026 08:33
07b62b2b-cfd3-4373-bba4-95e86952a3ce,deserter.us,available,5.49,7.99,high,low,8,namesilo,,,06/08/2026 03:40
1f47a2fa-31bf-41b8-a96c-051a24e3bca3,kinkiness.us,available,,,high,low,9,,,,
88ab2e47-1bbb-446a-a747-9fdf5984145e,vocalic.us,available,5.49,7.99,medium,low,7,namesilo,,,13/09/2026 06:26
9124a1cc-678a-4f34-bf7a-c831a1829163,pitas.us,resell,,,medium,low,5,Dominet (HK) Limited,28/04/2026 01:47,28/04/2027 01:47,26/09/2026 08:10
3fa9ddfc-80de-4df6-bb2e-62dedf1382c9,referred.us,resell,,,medium,low,8,Dynadot Inc,24/08/2025 06:55,24/08/2027 06:55,26/09/2026 08:33
1c0d51ee-fadb-4b2b-bf5a-9ff6d85e0728,foreseeable.us,available,,,high,medium,11,,,,
44d699ee-5287-49f9-8f47-095dc5fbbf6b,sailors.us,resell,,,high,medium,7,"GoDaddy.com, LLC",01/05/2018 05:01,01/05/2027 05:01,26/09/2026 08:47
5ff52f0a-b8f3-4c97-97a1-9c6a0be036d4,commiserate.us,resell,,,high,high,11,UdomainName.com LLC,06/07/2017 18:01,05/07/2027 23:59,26/09/2026 05:08
a4dfa3e8-de95-4e1f-bc23-5468cdfe5cb1,thumbtip.us,available,,,high,high,8,,,,
e17322b9-00a4-4eba-b7f3-c7bce5c03193,amphimacer.us,available,,,high,high,10,,,,
32d8dbb0-088c-409b-b231-c4de27fd3dff,communing.us,available,,,high,high,9,,,,
2545e5d5-eb75-40b9-8203-11e8c73c47d3,darbhanga.us,available,,,high,high,9,,,,
d2bb2f61-ec30-4899-9f56-448e86090774,objectively.us,available,5.49,7.99,high,low,11,namesilo,,,
2780e4db-aa02-4f6e-87dd-aa7b78c2eef9,steeple.us,resell,,,high,high,7,"GoDaddy.com, LLC",25/07/2015 05:28,24/07/2027 23:59,26/09/2026 09:17
7ae34bd8-cf37-4ff0-ae11-7507cb0ef0cc,wellingtons.us,available,,,high,high,11,,,,
7ffd6b03-680b-4167-b58f-1947a8b684cc,underclassman.us,available,,,medium,low,13,,,,
761be90a-df48-4136-a1bf-f61cd471d4cf,paralyzed.us,available,5.49,7.99,high,low,9,namesilo,,,08/09/2026 01:29
8940e2df-41c0-419a-b570-f0ac784c98d3,kofta.us,available,,,high,high,5,,,,
8b4ae68f-b5a4-448b-9bf8-1905120b13ec,diminishing.us,available,7.99,,high,low,11,name.com,,,
fa471851-2600-48a9-a42d-508efc64060c,contributes.us,available,,,high,high,11,,,,
e07ccfed-9f13-4ced-bbfd-2c2257b737e8,highflier.us,available,,,high,high,9,,,,
fea26c2e-20ff-44a6-ae82-175953c29b31,untenable.us,available,5.49,7.99,high,low,9,namesilo,,,22/08/2026 02:35
9d93b122-2e18-4939-81b9-eb28c9fa40c0,namibian.us,available,5.49,7.99,high,low,8,namesilo,,,03/09/2026 12:58
7424afeb-cf81-4cfb-95f2-4b8158a913f5,dissolve.us,resell,,,high,low,8,Dynadot Inc,23/04/2023 00:24,23/04/2027 00:24,26/09/2026 05:36
5fdeeeb6-5889-4765-8966-df7371954b85,unmissable.us,available,,,high,high,10,,,,
9075e272-ee73-4977-9a53-77cee31dde54,queenwood.us,available,,,high,high,9,,,,
42fdc44f-2922-4773-bc44-a9ad78769d73,olfactorily.us,available,,,medium,low,11,,,,
9ef3e0f7-ad13-4805-8ad1-ca8b3f5cba98,chipmunklike.us,available,,,high,high,12,,,,
95bae801-9a03-43b8-bffd-96bf22e7f589,preaches.us,available,,,medium,low,8,,,,
659062ba-920a-41a8-8f5f-fd2d77490e8a,bereft.us,available,5.49,7.99,medium,low,6,namesilo,,,09/08/2026 15:05
be614093-7a96-4cb2-8318-c0c69bb66531,reboots.us,resell,,,high,low,7,Dominet (HK) Limited,28/04/2026 00:04,28/04/2027 00:04,26/09/2026 08:31
0e0588f8-55da-49bc-843d-e680755ffc0d,salutations.us,available,,,high,high,11,,,,
626b00f2-0a6f-4e33-924c-4f4600ff22c6,wrapped.us,resell,,,high,low,7,Dynadot Inc,22/09/2018 19:29,22/09/2027 19:29,26/09/2026 10:14
8f308924-9e86-49ba-bcdb-9aa27910048c,contradicted.us,available,,,high,high,12,,,,
bb206e98-f20b-4cf5-8122-34ea46a944be,siverianian.us,available,,,high,high,11,,,,
e570d1b6-8fb3-47d8-84f2-14680f748631,sensualist.us,available,,,high,high,10,,,,
40128870-61d5-4050-a97e-29c58a93787c,cybertopia.us,available,,,high,high,10,,,,
6a954ac9-5f3b-4572-9483-b4c6f71d21bc,abiotically.us,available,,,medium,low,11,,,,
e7ca9d2b-ad2d-4e7f-b61f-832edf2b53cb,beth.us,resell,,,high,low,4,"GoDaddy.com, LLC",24/04/2002 15:14,23/04/2027 23:59,26/09/2026 04:23
c24daf5b-ddb2-4757-9e4e-c34e90c9a76f,icelanders.us,available,,,medium,low,10,,,,
f53e1821-9999-427e-abf0-73c1005fb5f8,rbac.us,resell,,,high,high,4,"Spaceship, Inc.",06/06/2026 16:58,06/06/2027 16:58,26/09/2026 08:30
b9a39ba6-b1e1-4a72-b975-d23d95e2cab8,fewest.us,available,,,high,high,6,,,,
c4a9c2a7-f03d-44d7-8c3b-102a4a80d4b1,hayduck.us,available,,,high,high,7,,,,
93636ba2-ee42-49f5-ade0-4cf5d92f80ca,unexpectedly.us,available,,,high,high,12,,,,
23e9d58a-4d5f-48c2-a472-c38853f2b38b,videomaking.us,available,,,high,low,11,,,,
0b08d2be-1eeb-4fad-8c02-2a3316048075,manually.us,resell,,,high,low,8,"Spaceship, Inc.",02/04/2026 03:41,02/04/2027 03:41,26/09/2026 07:25
8e3bdc09-5875-450b-926e-af60e5eead71,knowledgeableness.us,available,,,high,low,17,,,,
f7243350-a323-4faf-8d4d-17c0d385844f,milanese.us,available,5.49,7.99,high,low,8,namesilo,,,24/08/2026 22:53
5ce3c737-68fc-405c-a55c-1a0c10197ca9,inkwells.us,available,,,medium,low,8,,,,
f5a896b0-901e-44c4-b3d3-55b5becef2c1,doglike.us,available,5.49,7.99,medium,low,7,namesilo,,,14/08/2026 15:07
24492530-bf33-4de8-82c8-e28c1e11b6ff,bracketing.us,available,,,high,high,10,,,,
2bd0c9fc-916d-473a-8dea-b5f4998ee7a2,swim.us,resell,,,high,low,4,"GoDaddy.com, LLC",24/04/2002 14:11,23/04/2027 23:59,26/09/2026 09:28
2f752623-e3ef-4d34-a292-fcc3c597c71a,hymnwriting.us,available,,,high,high,11,,,,
d00d6699-9680-4511-b9d3-9885f4ba94a9,snarkiness.us,available,,,medium,low,10,,,,
e1ffdb03-b124-4bf2-a987-093ea5c6ec67,determinate.us,available,,,high,high,11,,,,
f12cd38a-b9f7-4be7-a61c-9e5e6dcdfcb7,constructed.us,available,,,high,high,11,,,,
a04974f6-e433-4cf3-b946-b37d2bcda579,broached.us,available,5.49,7.99,high,low,8,namesilo,,,
6a489d0f-deee-4a7d-bc39-cbd84f2b1c27,multitudinous.us,available,,,high,high,13,,,,
ce91a444-e98b-4f10-a0f7-a39a6143c2f6,shaikhdom.us,available,,,high,high,9,,,,
ffe12c0f-7031-4b15-917a-fabae983542d,scratchboard.us,available,,,high,high,12,,,,
c69a665d-fc2c-41ce-9606-3615d1e2f7fa,triumphantly.us,available,,,high,high,12,,,,
146f0651-23ed-4e3d-889d-3ba49d4b7fa5,recommendable.us,available,,,high,high,13,,,,
a0d49381-cd9e-4bea-846e-130a69819623,cardinal.us,resell,,,high,low,8,"GoDaddy.com, LLC",04/06/2004 20:56,03/06/2027 23:59,26/09/2026 04:48
05ca23d9-93f0-4319-9831-9b132f967daf,merrillville.us,available,,,high,high,12,,,,
cc28663b-9881-4aea-8bf1-1cf7875d76b3,variably.us,available,5.49,7.99,medium,low,8,namesilo,,,16/09/2026 10:46
59e50d2a-f7f6-4ce8-ac7a-99349542a48b,shorn.us,available,5.49,7.99,high,medium,5,namesilo,,,10/09/2026 06:11
3bb9d39c-46bb-4894-ba02-337f2c1392e7,limiting.us,available,5.98,10.98,high,low,8,namecheap,,,23/09/2026 19:42
c141e1a3-1e72-42f3-83be-7464671ceb2f,septillion.us,available,,,high,high,10,,,,
dedadb24-75dc-419a-a54e-b3099e830e1e,repurchase.us,available,,,high,high,10,,,,
4b2906a9-6411-4d19-ba15-bb6b55c28718,aussieland.us,available,,,high,high,10,,,,
0a4ff50f-ea9e-413e-8d48-7a27c899da8b,pretournament.us,available,,,high,high,13,,,,
14a20e3d-25d0-493a-8b5b-2e3e9009d652,vhsc.us,available,,,medium,low,5,,,,
9425952e-868e-4cc1-bf41-94b3d00a724a,minutia.us,available,,,high,high,7,,,,
771c042c-c4d4-4f94-b42d-96540bb15e1a,alternators.us,available,,,medium,low,11,,,,
d05a0790-e048-4114-99d8-5d9c8953872e,incubator.us,resell,,,high,high,9,"GoDaddy.com, LLC",01/06/2004 16:32,31/05/2027 23:59,26/09/2026 06:50
025ec0cb-c9ea-4c1a-a240-206825eeb3a2,kipevu.us,available,,,high,high,6,,,,
38f4e462-ceb4-4bed-95bd-cdd9f878a3b6,jaunter.us,available,,,high,high,7,,,,
b449d6aa-ad30-4f0c-8429-bf6f6fb7c8a0,arrack.us,available,5.49,7.99,medium,low,6,namesilo,,,19/09/2026 23:47
7970f4f1-5f60-453d-b62b-6943b3de15d1,impacted.us,resell,,,high,low,8,"Spaceship, Inc.",06/06/2026 18:56,06/06/2027 18:56,26/09/2026 06:49
6eac5446-b8cc-48f1-8c98-110ee3a4da1c,creeks.us,resell,,,high,low,6,Dominet (HK) Limited,27/04/2026 19:27,27/04/2027 19:27,26/09/2026 05:19
c0680321-1b9f-4225-9a9b-434506267b24,collaborates.us,available,,,high,low,12,,,,
dbbf1957-5f8a-464d-b8df-cafcf56b9d9e,adaxial.us,available,5.49,7.99,high,low,7,namesilo,,,
8a3a5e56-1f99-444c-8b5c-b87d9f40798f,lawfulness.us,available,,,high,high,10,,,,
ab6765c9-f4c0-48f4-bbff-16bb05b1f7d6,lister.us,resell,,,high,low,6,"GoDaddy.com, LLC",20/09/2017 19:09,19/09/2027 23:59,26/09/2026 07:16
6dee269e-b3c0-487a-9277-72626cf6ef79,reclined.us,available,,,high,low,8,,,,
08304815-361c-4112-9790-c38a89aea9c4,bilgewater.us,available,5.49,7.99,medium,low,10,namesilo,,,21/09/2026 23:46
f6388180-855e-41df-8d3c-84698e60cff6,clubable.us,available,5.49,7.99,high,low,8,namesilo,,,12/08/2026 12:57
3a22b2a0-1975-4de8-8f6f-0842b0175b20,decreasing.us,available,5.49,7.99,high,low,10,namesilo,,,13/08/2026 22:12
16ddd273-afef-4d0c-b43c-f1c5dab209a5,triliteral.us,available,,,high,high,10,,,,
ff661209-4f79-43b6-bac7-458f8a6dfad9,fortalices.us,available,,,medium,low,10,,,,
f94b002a-c439-4b14-882d-e305d14f392b,sin.us,resell,,,high,high,5,"eNom, LLC",24/04/2002 14:11,23/04/2027 23:59,26/09/2026 09:02
162166a0-8e6f-4859-bec0-cdedce7c3924,brexiteer.us,available,,,high,high,9,,,,
4a2cf546-12b4-43a5-9a7b-5df91209119d,afoot.us,resell,,,high,low,5,"Spaceship, Inc.",02/04/2026 22:55,02/04/2027 22:55,26/09/2026 01:25
147b0c2b-a3ce-4b79-8fac-655a449c0dcd,overtook.us,available,,,high,high,8,,,,
503094ab-e416-42b2-8709-5f70577f4157,awning.us,resell,,,high,low,6,Dynadot Inc,13/03/2023 00:00,13/03/2027 00:00,26/09/2026 04:11
693a5bc9-c0ea-4050-9d9d-db31b6654f92,weedy.us,resell,,,high,low,5,Dynadot Inc,06/09/2020 00:01,06/09/2027 00:01,26/09/2026 10:06
ab182c45-014f-454e-a98f-4f53ecc5a61d,comecon.us,available,,,high,high,7,,,,
215a8e12-c33c-4c5e-854c-9364bbbc8a5b,amnionic.us,available,5.49,7.99,medium,low,8,namesilo,,,
2d36f869-6f6c-485f-9356-b4a799e89b8f,claremont.us,resell,,,high,low,9,,,,27/09/2026 08:22
dae12f7d-f10f-43b9-8328-cad17b583b3c,immutably.us,available,5.49,7.99,medium,low,9,namesilo,,,15/09/2026 02:06
5a18c920-501b-417d-ac08-5ee869b1e0fd,miniplug.us,available,,,high,high,8,,,,
af3eb095-4616-44f5-8479-234d8b928fb8,activities.us,resell,,,high,low,10,"GoDaddy.com, LLC",24/04/2002 14:49,23/04/2027 23:59,26/09/2026 01:21
0553b608-2ae5-4c0c-9c20-0afe3658b504,nor.us,resell,,,high,low,3,Dynadot Inc,11/07/2018 00:12,11/07/2028 00:12,26/09/2026 07:48
93739ddf-b904-455e-a700-06119b9aaf62,crawl.us,resell,,,high,low,5,Dynadot Inc,17/01/2006 18:00,16/01/2027 23:59,26/09/2026 05:19
d1169a5f-8982-4fdd-bb25-5cebd45a263e,racquet.us,resell,,,high,high,7,"GoDaddy.com, LLC",29/08/2015 17:19,28/08/2027 23:59,26/09/2026 08:28
05a6896d-89a7-45e2-ba04-848b3470419c,divot.us,resell,,,high,high,5,Dominet (HK) Limited,27/04/2026 23:15,27/04/2027 23:15,26/09/2026 05:37
3e25f81a-a669-432f-a310-fd27a4c7921b,leadless.us,available,5.49,7.99,high,low,8,namesilo,,,22/08/2026 21:48
688ddfb4-03e2-4b70-a925-82694930643b,dispassionately.us,available,,,high,high,15,,,,
328f1647-236c-4a72-98ff-c63d270c6a9c,brecciate.us,available,,,high,high,9,,,,
8026e89a-2221-4c65-b51a-00b9252858ff,emmott.us,available,,,high,high,6,,,,
fb664093-450b-4607-96ba-ef47d24c0551,amusing.us,resell,,,high,low,7,"Spaceship, Inc.",01/04/2026 11:44,01/04/2027 11:44,26/09/2026 03:51
a92bcde4-5a3c-43b4-aa7c-f127a4d40850,tutorial.us,resell,,,high,low,8,"GoDaddy.com, LLC",28/05/2005 17:12,27/05/2027 23:59,26/09/2026 09:48
353226ff-2ddb-4122-927b-92dbf13fa2b9,banality.us,available,5.98,10.98,high,low,8,namecheap,,,12/08/2026 19:14
d7d20cad-b157-4810-b866-eb2a9a0267ce,effervescent.us,available,,,high,high,12,,,,
ebb4782b-547a-483a-866f-9452549090f6,bearable.us,resell,,,medium,low,8,"Spaceship, Inc.",02/04/2026 05:03,02/04/2027 05:03,26/09/2026 04:19
d42a6e18-1fc2-4862-a828-8035a1d97b61,staincross.us,available,,,high,high,10,,,,
b93ffc83-7068-4855-9dbc-6d4530bb5cd9,mystified.us,available,5.98,10.98,high,low,9,namecheap,,,24/08/2026 21:32
5573fbf3-4048-4637-a915-9893b07e53bc,klezmerlike.us,available,,,medium,low,12,,,,
8aa8072b-1d45-4fb0-83cf-2ad630c4f0a5,ecocommunity.us,available,,,high,high,12,,,,
3c7bbd20-264d-4f9b-b8ac-74c1022e9681,animalculistic.us,available,,,medium,low,14,,,,
8dd11028-65d2-490e-8aa0-85d96deeb2d9,skopjan.us,available,,,high,high,7,,,,
6df29b68-0df7-4c58-a0dc-80030d201d3e,animatronics.us,available,,,high,low,12,,,,
89189931-85e4-4a47-8e06-38c7031ceca8,long.us,resell,,,high,low,4,GoDaddy Online Services Cayman Islands Ltd.,25/07/2007 18:05,24/07/2027 23:59,26/09/2026 07:18
ba3a7ccb-4bff-473a-8672-ecd53082b5b1,chelating.us,available,,,high,low,9,,,,
f2e5369f-ad96-4ff0-9ffe-9480f7a64537,copanaguastla.us,available,,,high,high,13,,,,
00d61606-2c20-476b-9c09-b3ce07ef3a3f,telecentre.us,available,,,high,high,10,,,,
44060ccb-633d-470c-b8e7-5998e4e30932,dunk.us,resell,,,high,high,4,"GoDaddy.com, LLC",28/04/2002 15:39,27/04/2027 23:59,26/09/2026 05:43
88afb86c-1b4d-4dc3-a86b-54fa8c1aa7b3,polytheistic.us,available,,,high,high,12,,,,
7689781e-096c-4b75-8096-c6a134e1030c,preoccupy.us,available,,,high,high,9,,,,
5591d98b-affd-466e-9a24-1cf4573ddd6d,razorbill.us,available,5.49,7.99,high,low,9,namesilo,,,18/09/2026 03:39
97528ae5-ef6b-49fa-93b6-564f2471dbb7,spayed.us,available,5.49,7.99,high,medium,6,namesilo,,,10/09/2026 15:21
2af091d4-2ded-4abf-8362-fea0b5020e7f,snottite.us,available,,,high,high,8,,,,
3fc65fb0-9182-4dee-af7e-9a04d5f759ef,timorese.us,available,5.49,7.99,high,low,8,namesilo,,,11/09/2026 16:04
c64b579c-a8c2-4ba4-9472-1d209265c04c,officewall.us,available,,,high,high,11,,,,
fcb516b9-0723-4a02-889a-55114bf247dd,thusly.us,available,5.98,10.98,medium,low,6,namecheap,,,16/09/2026 09:04
ac4d49ed-a05b-4e8b-a288-777aad6ab8be,convexly.us,available,5.49,7.99,medium,low,8,namesilo,,,14/09/2026 08:39
32cac7f6-28b2-4177-8f75-d32811d6c90f,surffish.us,available,,,high,high,8,,,,
fc7fa9c5-a762-491b-8542-8f47b7e9c072,abstaining.us,available,,,high,high,10,,,,
a1960b77-00ca-446b-8682-402e79ab1634,indigent.us,available,5.49,7.99,medium,low,8,namesilo,,,14/08/2026 04:34
62ce4bbc-977f-4c57-96c0-6af70b3bdd49,telecom.us,resell,,,high,low,7,"GoDaddy.com, LLC",24/04/2002 14:04,23/04/2027 23:59,26/09/2026 09:33
04769dc0-30b0-4ebc-a444-25e258d6fd99,adjust.us,resell,,,high,high,6,"GoDaddy.com, LLC",27/06/2017 18:00,26/06/2027 23:59,26/09/2026 01:23
873e83cc-a252-48fc-9078-9fa7f2250e04,leafless.us,available,5.49,7.99,high,low,8,namesilo,,,22/08/2026 21:56
ccbf9971-30c0-456c-8188-a256592eb195,accursed.us,available,5.49,7.99,high,low,8,namesilo,,,
928df305-85f3-4799-8e82-4fbe56d23d8f,bankable.us,resell,,,high,low,8,Dynadot Inc,16/05/2021 09:08,16/05/2027 09:08,26/09/2026 04:15
1f68b042-6d78-4dcb-8684-a86c083b60dd,explainable.us,available,,,high,high,11,,,,
dcc82c27-cbe5-44fc-bc48-38490f35e075,nonfading.us,available,,,high,low,9,,,,
a7989d39-92d3-4c18-87ed-8e86dcfafaac,windsocks.us,available,,,medium,low,9,,,,
6819aaef-9a03-47e7-801a-fec5cb8e925c,undoubtful.us,available,,,high,high,10,,,,
f6683c31-661e-4576-b528-a957411709c1,shipborne.us,available,,,high,high,9,,,,
d47e1f6d-a277-400a-9cd5-d6eed4984375,northward.us,resell,,,high,low,9,"Spaceship, Inc.",02/04/2026 00:07,02/04/2027 00:07,26/09/2026 07:48
f0231d0c-cab2-4246-b18f-99471c454810,conjoint.us,resell,,,high,low,8,Dominet (HK) Limited,29/04/2026 03:22,29/04/2027 03:22,26/09/2026 05:11
342eb88f-801a-4b9e-b914-933bf989fa47,kintore.us,available,,,high,high,7,,,,
c79e5973-067e-4849-a04a-ac39d923b385,nontissue.us,available,,,high,high,9,,,,
59097739-a4b5-47b9-81ba-46b0daa8e964,barfi.us,resell,,,high,low,5,"Spaceship, Inc.",02/04/2026 09:47,02/04/2027 09:47,26/09/2026 04:16
dded6efe-1267-4493-b958-72c828e4e7d9,hashmap.us,available,,,high,high,7,,,,
c089d385-ff49-46e2-99d3-fce0c684a1b5,fifteenth.us,available,5.49,7.99,high,low,9,namesilo,,,
dd83fc68-9b8d-43e8-9957-188b58cddb06,warlocks.us,available,,,high,medium,8,,,,
29770ac1-fb80-4d25-aa9c-4fe155e5c6c9,xerophytically.us,available,,,low,low,14,,,,
7515944d-fb60-46cc-9a31-fddb6ec53250,jokester.us,available,,,high,high,8,,,,
c2692b22-a841-4c5c-928d-7699bfdc5f0b,condurangoglycoside.us,available,,,medium,low,19,,,,
aaa57f5e-cc72-4142-bdb0-ece40edc98c3,sailmaking.us,available,,,high,low,10,,,,
43b52005-ce16-46f2-a006-8602e79c3437,agene.us,available,5.49,7.99,medium,low,5,namesilo,,,17/09/2026 17:07
c99168c8-e6c9-4307-8884-f4ace6ad6ce8,establish.us,resell,,,high,low,9,"GoDaddy.com, LLC",19/07/2015 19:55,18/07/2027 23:59,26/09/2026 05:53
5280b24e-629e-4a99-b95c-e7ef01798eda,latinism.us,available,,,high,high,8,,,,
55ff3d4c-f898-4452-80a8-25e6ea2791e9,tooled.us,available,,,high,high,6,,,,
a7ea8706-20f0-4da3-8303-e3ddf7b088b0,clerking.us,available,,,high,high,8,,,,
2f65158c-101f-49f6-9e11-bc406133184d,rivulet.us,available,,,high,high,7,,,,
6147cad3-36dd-4719-8ebb-38886c987e16,condylic.us,available,,,medium,low,8,,,,
f0638321-aca2-466e-8eed-808479c3f9a3,wombat.us,resell,,,high,high,6,"GoDaddy.com, LLC",25/07/2015 05:31,24/07/2027 23:59,26/09/2026 10:12
86459ac6-c741-4ada-b824-7d93609be025,fertilize.us,resell,,,high,high,9,"GoDaddy.com, LLC",27/04/2002 23:37,26/04/2027 23:59,26/09/2026 06:03
b79525c6-257d-4e2d-ad4d-1d1ec7995b0f,blazons.us,available,,,medium,low,7,,,,
c23eeba3-faad-4a3a-847c-dfbd09005de8,whiteabbey.us,available,,,high,high,10,,,,
a5af765f-26d3-4e81-b148-42c47aed3cad,shanty.us,resell,,,high,high,6,Dynadot Inc,15/06/2021 00:03,15/06/2027 00:03,26/09/2026 08:57
4808014e-c4a7-4902-bccf-26e06f6a0eac,folklore.us,resell,,,high,high,8,"GoDaddy.com, LLC",25/04/2002 23:18,24/04/2027 23:59,26/09/2026 06:10
4c13119f-a4ec-49cf-97bb-c2968e8077d3,gizeh.us,available,,,high,high,5,,,,
a8fffaf8-b0ee-44d7-92b9-4113f964b493,desulphur.us,available,,,high,high,9,,,,
9bd33598-c377-42f2-b8ee-541c5633e441,acidification.us,available,,,high,high,13,,,,
11ed559a-b937-4551-8373-feb5cb158959,function.us,resell,,,high,low,8,GoDaddy Online Services Cayman Islands Ltd.,28/04/2004 21:15,27/04/2027 23:59,26/09/2026 06:17
ab302b64-df24-4eda-a2f9-2e45ddd10930,keyset.us,available,5.98,10.98,high,high,6,namecheap,,,21/09/2026 00:17
d14c4028-b30f-4e7a-abfb-74793ee6ef60,altcoin.us,resell,,,high,high,7,"GoDaddy.com, LLC",12/07/2016 13:15,11/07/2027 23:59,26/09/2026 03:49
9f0295a3-3276-48e3-b2a2-091dd24c1754,litoral.us,resell,,,high,low,7,Dominet (HK) Limited,27/04/2026 10:21,27/04/2027 10:21,26/09/2026 07:16
cf7c2178-105b-41d6-ba1e-1627ef3f3d7a,artifacted.us,available,,,medium,low,10,,,,
a44e5901-5408-4675-80bf-1e8ec6cbf864,feijoa.us,resell,,,high,high,6,Dominet (HK) Limited,27/04/2026 16:37,27/04/2027 16:37,26/09/2026 06:03
552f68da-1707-4102-9e51-7ea4206afc19,symbolizes.us,available,,,medium,low,10,,,,
b40dd29e-86d1-4d7d-bc40-631025f9d8ac,balaton.us,resell,,,high,low,7,Sav.com LLC,01/07/2026 00:00,01/07/2027 00:00,26/09/2026 04:14
2a0e3075-6eea-4c57-941f-95c1f25be187,trelliswork.us,available,,,high,high,11,,,,
39da22e9-68c8-4e82-a6af-d25046dd741a,peafowl.us,resell,,,high,low,7,"Spaceship, Inc.",02/04/2026 06:31,02/04/2027 06:31,26/09/2026 08:04
a1a7db4f-aa62-4701-bc65-462dea2aca9a,atop.us,resell,,,high,low,4,Dynadot Inc,12/06/2020 21:26,12/06/2027 21:26,26/09/2026 04:07
892858d3-8102-4f53-8bdc-46ac64f04456,highborn.us,resell,,,high,low,8,"Spaceship, Inc.",06/06/2026 17:37,06/06/2027 17:37,26/09/2026 06:39
ee386bda-e9d0-4ff8-b899-4ca507e8145a,disporting.us,available,,,high,high,10,,,,
239b3ae6-ff37-4424-972e-71115b1909a2,balefire.us,available,5.49,7.99,medium,low,8,namesilo,,,21/09/2026 21:52
b75078ed-c939-4019-8507-3e6d8e4b6035,sedating.us,available,,,medium,low,8,,,,
bc676de8-56be-47db-8732-7c690a5183a8,preferent.us,available,5.98,10.98,medium,low,9,namecheap,,,09/08/2026 17:55
c5c86175-fc98-40e3-8592-887dc921e568,moisturize.us,available,,,high,high,10,,,,
e3c9857f-a5c6-4330-b8f1-f29af7da2df0,glaswegian.us,available,5.49,7.99,high,low,10,namesilo,,,20/08/2026 14:14
fc5dd9b9-e6d6-4703-891f-03769c435d4a,defibrate.us,available,,,high,high,9,,,,
cfd9d989-ab9a-4471-bced-97dc5f2704dc,mirthful.us,available,5.98,10.98,high,low,8,namecheap,,,12/08/2026 19:00
de322fd4-306c-4fd6-a274-80f44e2708aa,uteri.us,available,,,medium,low,5,,,,
e1e24dd2-9903-4826-9a8c-658e1f2103c8,metergoline.us,available,,,high,high,11,,,,
63265e4b-45a9-44c8-9b1a-76c78925678c,ytterbite.us,available,,,high,high,9,,,,
9d93546e-2dfe-470f-8483-dd98dece8b3f,scotchwoman.us,available,,,high,high,11,,,,
83206387-30ad-4b75-942e-eb5077074539,alphabetism.us,available,,,high,high,11,,,,